iteration,total_runs,mean,standard_deviation,min,max,0,1,2,3,4,5,6,7,8,9,10,11,12,13,base
0,15,4.45491,7.72495,0.388479,31.3181,31.3181,0.723023,3.12576,6.33401,2.35665,2.31394,0.559711,1.87197,0.484481,3.19899,4.12347,2.12194,7.40316,0.388479,0.5
1,126,1.80631,1.63186,0.228961,5.22463,2.60628,0.394802,2.7512,5.22463,1.00368,0.764401,0.446959,0.574228,0.228961,2.58097,3.64564,2.03954,4.23546,0.349532,0.248305
2,237,1.5284,1.52977,0.140386,4.97212,2.47251,0.32868,2.59598,4.97212,0.491737,0.208994,0.380666,0.180898,0.168237,2.27205,3.12604,1.99706,3.25143,0.33928,0.140386
3,348,1.37969,1.46156,0.0210517,4.76023,2.38144,0.309002,2.49725,4.76023,0.275615,0.0210517,0.296168,0.055269,0.135827,2.07469,2.71062,1.95174,2.83493,0.330977,0.060581
