iteration,total_runs,mean,standard_deviation,min,max,0,1,2,3,4,5,6,7,8,9,10,11,12,13,14,15,16,17,18,19,20,21,22,23,24,25,26,27,28,base
0,30,1.0071,2.18062,0.016925,11.7688,0.059866,1.07867,4.35168,0.413092,0.639626,0.587185,0.226196,0.801005,0.077797,1.17022,0.44145,0.36865,11.7688,0.591226,0.860296,0.471376,0.75016,0.144625,1.20387,0.44098,1.3261,0.019016,0.289925,0.410497,0.169481,0.112528,0.209809,0.712036,0.016925,0.5
1,132,0.465997,0.562676,0.002693,3.04173,0.002693,0.116849,3.04173,0.373346,0.54685,0.34994,0.193321,0.882856,0.154037,0.42453,0.341824,0.500328,0.38425,0.465128,0.5328,0.462818,0.163025,0.33818,0.687985,0.534761,1.36343,0.23362,0.1156,0.072616,0.06722,0.195029,0.046489,0.331146,0.720493,0.337005
2,234,0.531042,0.646436,0.009477,3.01678,0.009477,0.0677,3.01678,0.36837,0.494045,0.221645,0.158344,0.81713,0.239401,0.491957,0.297746,0.582097,0.37017,0.402986,0.509885,0.47528,0.16868,0.46922,0.338221,0.60229,1.41934,1.7673,0.056666,0.022901,0.222125,0.28373,0.020065,0.139581,1.66343,0.234693
3,336,0.661344,1.03205,0.0097,4.7075,0.051665,0.09125,3.00077,0.366778,0.440122,0.109,0.191194,0.634138,0.322309,0.541138,0.273754,0.654805,0.3616,0.35816,0.509221,0.488925,0.21034,0.54541,0.063466,0.65108,1.47605,4.7075,0.025364,0.173893,0.342805,0.402818,0.0097,0.022525,2.66754,0.14701
