iteration,total_runs,mean,standard_deviation,min,max,0,1,2,3,4,5,6,7,8,9,10,11,12,13,14,15,16,17,18,19,base
0,0,0,0,0,0,0,0,0,0,0,0,0,0,0,0,0,0,0,0,0,0,0,0,0,0,
1,160,0.649832,0.606566,0.00617532,2.21062,1.48114,2.21062,1.35159,0.591098,0.0839076,0.611968,0.0361731,0.620814,0.991236,0.432096,0.0614051,0.655732,0.889003,0.017074,0.00617532,1.41953,0.0378066,0.717133,0.0904367,0.691696,
2,310,0.649832,0.606566,0.00617532,2.21062,1.48114,2.21062,1.35159,0.591098,0.0839076,0.611968,0.0361731,0.620814,0.991236,0.432096,0.0614051,0.655732,0.889003,0.017074,0.00617532,1.41953,0.0378066,0.717133,0.0904367,0.691696,
3,460,0.649832,0.606566,0.00617532,2.21062,1.48114,2.21062,1.35159,0.591098,0.0839076,0.611968,0.0361731,0.620814,0.991236,0.432096,0.0614051,0.655732,0.889003,0.017074,0.00617532,1.41953,0.0378066,0.717133,0.0904367,0.691696,
