iteration,total_runs,mean,standard_deviation,min,max,0,1,2,3,4,5,6,7,8,9,10,11,12,13,14,15,16,17,18,19,20,21,22,23,24,25,26,27,28,base
0,30,2.57328,3.02376,0.108671,12.2195,0.484258,2.43531,0.134505,0.445059,1.71992,1.32842,3.19424,4.79478,0.280132,8.63402,0.267016,0.128924,12.2195,0.651189,4.37451,0.108671,1.77937,4.25995,3.03225,1.06912,0.952471,10.4303,0.523886,1.92888,3.17289,1.07888,2.71544,1.46004,3.09459,0.5
1,156,1.42222,1.71248,0.00382332,8.04445,0.274056,0.700221,0.00382332,0.311894,1.58043,0.970156,2.82872,4.4792,0.214873,3.29279,0.13835,0.0670032,0.0745771,0.469334,2.48678,0.0966972,0.700903,3.67896,2.15702,0.968121,0.933162,8.04445,0.246533,1.12525,1.64612,0.821376,2.07138,0.883727,1.0638,0.337005
2,282,1.13238,1.38406,0.00251492,5.82929,0.161943,0.387171,0.00251492,0.270091,1.49065,0.745275,2.40143,4.15786,0.183851,2.93389,0.0861845,0.0412913,0.0523147,0.366231,1.85158,0.0870247,0.52136,3.31249,1.49509,0.893102,0.910524,5.82929,0.146325,0.643656,1.30138,0.675699,1.88716,0.55324,0.348092,0.234693
3,408,0.934161,1.23253,0.00169938,5.08131,0.0919389,0.23732,0.00169938,0.238337,1.39396,0.512175,1.83205,3.69068,0.172342,2.70072,0.0533066,0.0247231,0.0388776,0.280444,1.30968,0.0784526,0.39354,2.96461,0.816271,0.833229,0.886648,5.08131,0.0797058,0.40639,1.11119,0.541564,1.75661,0.282216,0.0678395,0.14701
