iteration,total_runs,mean,standard_deviation,min,max,0,1,2,3,4,5,6,7,8,9,10,11,12,13,14,15,16,17,18,19,20,21,22,23,24,25,26,27,28,base
0,0,1.02588,2.17852,0.016925,11.7688,0.059866,1.07867,4.35168,0.413092,0.639626,0.587185,0.226196,0.801005,0.077797,1.17022,0.44145,0.36865,11.7688,0.591226,0.860296,0.471376,0.75016,0.144625,1.20387,0.44098,1.3261,0.019016,0.289925,0.410497,0.169481,0.112528,0.209809,0.712036,0.016925,1.06333
1,100,1.02588,2.17852,0.016925,11.7688,0.059866,1.07867,4.35168,0.413092,0.639626,0.587185,0.226196,0.801005,0.077797,1.17022,0.44145,0.36865,11.7688,0.591226,0.860296,0.471376,0.75016,0.144625,1.20387,0.44098,1.3261,0.019016,0.289925,0.410497,0.169481,0.112528,0.209809,0.712036,0.016925,1.06333
2,200,1.02588,2.17852,0.016925,11.7688,0.059866,1.07867,4.35168,0.413092,0.639626,0.587185,0.226196,0.801005,0.077797,1.17022,0.44145,0.36865,11.7688,0.591226,0.860296,0.471376,0.75016,0.144625,1.20387,0.44098,1.3261,0.019016,0.289925,0.410497,0.169481,0.112528,0.209809,0.712036,0.016925,1.06333
3,300,1.02588,2.17852,0.016925,11.7688,0.059866,1.07867,4.35168,0.413092,0.639626,0.587185,0.226196,0.801005,0.077797,1.17022,0.44145,0.36865,11.7688,0.591226,0.860296,0.471376,0.75016,0.144625,1.20387,0.44098,1.3261,0.019016,0.289925,0.410497,0.169481,0.112528,0.209809,0.712036,0.016925,1.06333
