iteration,total_runs,mean,standard_deviation,min,max,0,1,2,3,4,5,6,7,8,9,10,11,12,13,14,15,16,17,18,19,20,21,22,23,24,25,26,27,28,base
0,30,2.67585,3.00313,0.108671,12.2195,0.484258,2.43531,0.134505,0.445059,1.71992,1.32842,3.19424,4.79478,0.280132,8.63402,0.267016,0.128924,12.2195,0.651189,4.37451,0.108671,1.77937,4.25995,3.03225,1.06912,0.952471,10.4303,0.523886,1.92888,3.17289,1.07888,2.71544,1.46004,3.09459,3.5771
1,132,1.41751,1.66873,0.0038011,7.80127,0.256246,0.654758,0.0038011,0.311894,1.57274,0.941471,2.77034,4.46631,0.209816,3.29343,0.132774,0.0634386,0.0607385,0.463284,2.4512,0.0964248,0.663304,3.65093,2.08301,0.95753,0.932611,7.80127,0.234267,1.07438,1.59939,0.821455,2.06222,0.836398,0.8843,1.17569
2,234,1.12712,1.35929,0.00236063,5.70596,0.14872,0.365884,0.00236063,0.270077,1.4814,0.71255,2.32676,4.12867,0.180989,2.94133,0.0819278,0.0388431,0.0463863,0.36053,1.80712,0.0871413,0.491255,3.2926,1.40391,0.883045,0.910045,5.70596,0.136894,0.606844,1.28008,0.674666,1.87993,0.507377,0.25489,0.805371
3,336,0.933326,1.22321,0.00158718,5.09324,0.0866431,0.225813,0.00158718,0.237612,1.38105,0.480598,1.74807,3.64751,0.171099,2.70709,0.0508177,0.0228668,0.0368699,0.275422,1.2417,0.0785171,0.372445,2.9491,0.730858,0.822299,0.885538,5.09324,0.0747302,0.391704,1.09978,0.54111,1.75249,0.250349,0.0466209,0.596231
