iteration,total_runs,mean,standard_deviation,min,max,0,1,2,3,4,5,6,7,8,9,10,11,12,13,14,15,16,17,18,19,base
0,21,2.93985,2.55786,0.0688458,8.42438,8.42438,2.4027,1.50686,4.73746,1.22642,3.60007,8.16142,2.5737,4.49132,3.52889,0.881238,0.113896,5.98974,2.68265,0.350051,5.07331,0.0688458,0.389418,0.54662,4.48793,0.5
1,138,1.62468,1.69259,0.053253,7.15186,0.0713473,1.17305,1.02939,1.96377,0.991538,2.83142,7.15186,1.76874,2.44868,3.34961,0.703814,0.109428,3.94307,1.51327,0.203672,2.3048,0.053253,0.365282,0.509007,1.32142,0.311805
2,255,1.288,1.41607,0.0431406,5.92786,0.0578138,0.745388,0.717541,1.57128,0.847347,2.22248,5.92786,1.27497,1.78887,3.11958,0.565474,0.105802,3.21654,0.76412,0.151499,1.72804,0.0431406,0.349663,0.47803,1.17684,0.195805
3,372,1.17995,1.29635,0.0391129,5.29322,0.0536915,0.660314,0.60104,1.49412,0.802612,2.00938,5.29322,1.13896,1.60172,3.00587,0.516319,0.103853,3.05424,0.543086,0.135625,1.63045,0.0391129,0.344271,0.46246,1.1322,0.156393
