iteration,total_runs,mean,standard_deviation,min,max,0,1,2,3,4,5,6,7,8,9,10,11,12,13,14,15,16,17,18,19,base
0,21,0,0,0,0,0,0,0,0,0,0,0,0,0,0,0,0,0,0,0,0,0,0,0,0,0
1,138,1.56664,3.73148,0.00353218,16.7355,0.0429397,0.0247589,0.0202141,0.288795,0.834658,0.683662,0.404199,0.205771,5.77246,0.30181,16.7355,0.0693034,0.777664,3.19978,0.456539,0.00353218,0.953413,0.238394,1.74402,0.0798659,0.0621318
2,255,1.8927,3.63743,0.0073277,16.0617,0.105287,0.0437401,0.0387191,0.390574,2.28811,0.852211,0.961165,0.380277,6.0584,0.434558,16.0617,0.153705,0.811108,4.06235,0.994181,0.0073277,1.06009,0.52035,4.26338,0.144367,0.115062
3,372,2.281,3.70779,0.011701,15.5789,0.19509,0.0646782,0.0570905,0.500015,4.48458,0.97085,1.70632,0.558322,6.21625,0.535699,15.5789,0.250776,0.845844,4.73573,1.59745,0.011701,1.20194,0.950718,7.05948,0.210707,0.168986
