iteration,total_runs,mean,standard_deviation,min,max,0,1,2,3,4,5,6,7,8,9,10,11,12,13,14,15,16,17,18,19,20
0,0,3.37338,3.08612,0.0203041,11.7323,11.7323,7.42165,6.32521,4.21718,0.666151,4.42998,0.218118,5.74216,5.42597,2.78153,0.328934,6.09967,4.77261,0.183776,0.0203041,2.34057,0.412965,4.09199,0.835635,2.27642,0.517759
1,117,2.19136,2.18207,0.0111421,8.40008,8.40008,3.85887,0.630805,3.40126,0.578108,3.821,0.158444,5.19962,4.96022,2.48299,0.190232,2.85526,2.64455,0.164907,0.0111421,1.2629,0.353957,2.4994,0.682851,1.43676,0.425128
2,217,2.19136,2.18207,0.0111421,8.40008,8.40008,3.85887,0.630805,3.40126,0.578108,3.821,0.158444,5.19962,4.96022,2.48299,0.190232,2.85526,2.64455,0.164907,0.0111421,1.2629,0.353957,2.4994,0.682851,1.43676,0.425128
3,317,2.19136,2.18207,0.0111421,8.40008,8.40008,3.85887,0.630805,3.40126,0.578108,3.821,0.158444,5.19962,4.96022,2.48299,0.190232,2.85526,2.64455,0.164907,0.0111421,1.2629,0.353957,2.4994,0.682851,1.43676,0.425128
