iteration,total_runs,mean,standard_deviation,min,max,0,1,2,3,4,5,6,7,8,9,10,11,12,13,14,15,16,17,18,19,20,21,22,23,24,25,26,27,28,base
0,30,1.34609,3.01115,0.033448,16.175,16.175,0.350344,0.372586,4.95685,0.27941,0.214553,1.76137,0.227938,0.07298,0.460981,0.31876,0.112645,0.546001,0.28397,0.14869,1.6416,0.674413,0.198788,2.14568,3.67416,0.259965,0.403013,0.77764,0.351202,1.87018,0.520546,0.464245,0.585874,0.033448,0.5
1,156,1.09838,2.23182,0.025805,11.9982,11.9982,0.293173,0.36833,3.55921,0.22786,0.21277,1.70626,0.208697,0.072976,0.440245,0.32337,0.100773,0.36482,0.312757,0.145945,1.28538,0.67741,0.182858,2.12232,3.06139,0.282357,0.3897,0.709981,0.19584,1.41526,0.517933,0.445133,0.82837,0.025805,0.476296
2,282,0.484145,0.892099,0.006373,4.74033,0.583802,0.02493,0.34493,0.088145,0.011834,0.18917,1.1023,0.067405,0.125593,0.27394,0.372964,0.028645,0.238517,0.64237,0.126925,0.031301,0.716242,0.060805,1.89677,0.478664,0.502468,0.282445,0.149273,0.30474,0.006373,0.492353,0.289525,4.74033,0.074717,0.276865
3,408,0.577629,1.00738,0.00661,5.47421,0.40552,0.00661,0.373833,0.396292,1.37972,0.1557,0.062801,0.018866,0.196045,0.152505,0.474562,0.011474,0.80189,1.15835,0.123517,0.192317,0.73736,0.03349,1.35579,0.158864,0.7394,0.227176,0.873805,0.835578,0.17722,0.449842,0.0953,5.47421,0.200762,0.060085
