iteration,total_runs,mean,standard_deviation,min,max,0,1,2,3,4,5,6,7,8,9,10,11,12,13,14,15,16,17,18,19,20,21,22,23,24,25,26
0,0,9.14761,24.6951,0.000769,125.215,0.709325,0.507865,0.000769,5.98303,1.58697,7.22058,1.67333,0.232552,37.9859,1.43094,125.215,2.21746,0.810056,18.9337,2.34456,0.33332,1.53706,0.018376,1.79712,0.290498,1.57654,8.93099,0.435241,1.04173,3.20344,0.275965,20.6928
1,27,0.794734,0.808967,0.014533,3.28559,2.05623,0.030196,0.086036,0.179524,1.48583,0.196961,1.22237,0.801909,0.29444,3.28559,0.646661,1.92431,0.323765,1.27891,1.91717,0.522154,0.337885,0.886993,0.570365,0.014533,0.093593,0.483201,0.98957,0.094225,1.49232,0.047045,0.196025
2,54,0.847615,0.878922,0.000538,3.6482,2.33033,0.220541,0.180065,0.063626,1.32512,0.099493,1.11637,1.21372,0.69386,3.6482,0.51229,2.21232,0.821012,1.04259,1.74287,1.25256,0.026738,1.20991,0.46625,0.000538,0.047413,0.259965,1.14845,0.045233,1.03842,0.050362,0.117386
3,81,0.976437,0.941817,0.002965,3.6825,2.3691,0.988522,0.268973,0.070825,1.10842,0.192274,1.03393,1.49983,1.66164,3.6825,0.382762,2.50208,2.07132,1.07114,1.60388,1.7413,0.002965,1.34408,0.39349,0.004057,0.034885,0.17417,1.18323,0.287605,0.54445,0.073225,0.073162
