iteration,total_runs,mean,standard_deviation,min,max,0,1,2,3,4,5,6,7,8,9,10,11,12,13,14,15,16,17,18,19,base
0,21,1.67222,3.55875,0.07298,16.175,16.175,0.350344,0.372586,4.95685,0.27941,0.214553,1.76137,0.227938,0.07298,0.460981,0.31876,0.112645,0.546001,0.28397,0.14869,1.6416,0.674413,0.198788,2.14568,3.67416,0.5
1,138,0.377427,0.464855,0.000562,2.02267,0.600296,0.009113,0.355716,0.612866,0.07712,0.05218,0.99178,0.000562,0.54468,0.418769,0.208132,0.093557,0.08845,0.282704,0.34141,0.01418,0.740762,0.138916,2.02267,0.078329,0.253773
2,255,0.411126,0.485922,0.01332,1.97291,1.34886,0.062002,0.388648,0.577593,0.040525,0.111124,0.619805,0.036293,0.709348,0.402274,0.168317,0.090145,0.107633,0.408325,0.379825,0.01332,0.762785,0.11489,1.97291,0.127738,0.191296
3,372,0.434072,0.515853,0.021217,1.92322,1.70079,0.110548,0.440585,0.515525,0.021217,0.202725,0.324505,0.09521,0.8424,0.3944,0.147641,0.089546,0.127426,0.562049,0.412868,0.030242,0.779369,0.101485,1.92322,0.145781,0.147978
