iteration,total_runs,mean,standard_deviation,min,max,0,1,2,3,4,5,6,7,8,9,10,11,12,13,14,15,16,17,18,19,20,21,22,23,24,25,26,27,28,base
0,30,1.02588,2.17852,0.016925,11.7688,0.059866,1.07867,4.35168,0.413092,0.639626,0.587185,0.226196,0.801005,0.077797,1.17022,0.44145,0.36865,11.7688,0.591226,0.860296,0.471376,0.75016,0.144625,1.20387,0.44098,1.3261,0.019016,0.289925,0.410497,0.169481,0.112528,0.209809,0.712036,0.016925,1.06333
1,132,0.461517,0.556153,0.001181,2.96382,0.001181,0.109224,2.96382,0.373346,0.541556,0.332746,0.206737,0.854937,0.163144,0.443482,0.335849,0.510218,0.400018,0.458512,0.52501,0.464445,0.168592,0.358196,0.64532,0.547856,1.36668,0.335369,0.106322,0.059517,0.083432,0.194717,0.04058,0.301316,0.88192,0.071485
2,234,0.545357,0.682782,0.014365,2.99486,0.014365,0.07261,2.99486,0.369857,0.488097,0.204389,0.18013,0.783613,0.249149,0.517738,0.294298,0.59152,0.38981,0.394162,0.498634,0.475369,0.182033,0.485833,0.293813,0.617194,1.42265,2.08248,0.049792,0.031145,0.238373,0.283589,0.016084,0.115821,1.89401,0.129281
3,336,0.678236,1.06534,0.006994,4.88393,0.060058,0.09945,2.99866,0.367274,0.432338,0.096125,0.228808,0.59636,0.328961,0.574065,0.270464,0.66482,0.38077,0.350513,0.502861,0.488962,0.227074,0.555325,0.03986,0.665613,1.47406,4.88393,0.021754,0.1972,0.352937,0.402169,0.006994,0.013858,2.83683,0.228989
