iteration,total_runs,mean,standard_deviation,min,max,0,1,2,3,4,5,6,7,8,9,10,11,12,13,14
0,15,1.56238,3.00483,0.059866,11.7688,0.059866,1.07867,4.35168,0.413092,0.639626,0.587185,0.226196,0.801005,0.077797,1.17022,0.44145,0.36865,11.7688,0.591226,0.860296
1,126,0.556549,0.696591,5.3e-05,2.93137,5.3e-05,0.137141,2.93137,0.361426,0.573508,0.324605,0.133173,0.968985,0.176273,0.48178,0.336925,0.531616,0.43528,0.464122,0.491977
2,226,0.556549,0.696591,5.3e-05,2.93137,5.3e-05,0.137141,2.93137,0.361426,0.573508,0.324605,0.133173,0.968985,0.176273,0.48178,0.336925,0.531616,0.43528,0.464122,0.491977
3,326,0.556549,0.696591,5.3e-05,2.93137,5.3e-05,0.137141,2.93137,0.361426,0.573508,0.324605,0.133173,0.968985,0.176273,0.48178,0.336925,0.531616,0.43528,0.464122,0.491977
