iteration,total_runs,mean,standard_deviation,min,max,0,1,2,3,4,5,6,7,8,9,10,11,12,13,14,15,16,17,18,19
0,0,3.51616,3.09431,0.0203041,11.7323,11.7323,7.42165,6.32521,4.21718,0.666151,4.42998,0.218118,5.74216,5.42597,2.78153,0.328934,6.09967,4.77261,0.183776,0.0203041,2.34057,0.412965,4.09199,0.835635,2.27642
1,160,2.30447,2.20134,0.0120019,8.37568,8.37568,4.11355,0.704211,3.41264,0.577747,3.82072,0.162746,5.2198,4.99996,2.49605,0.200072,2.78434,2.57871,0.163975,0.0120019,1.38242,0.351002,2.50049,0.678497,1.5548
2,310,2.30447,2.20134,0.0120019,8.37568,8.37568,4.11355,0.704211,3.41264,0.577747,3.82072,0.162746,5.2198,4.99996,2.49605,0.200072,2.78434,2.57871,0.163975,0.0120019,1.38242,0.351002,2.50049,0.678497,1.5548
3,460,2.30447,2.20134,0.0120019,8.37568,8.37568,4.11355,0.704211,3.41264,0.577747,3.82072,0.162746,5.2198,4.99996,2.49605,0.200072,2.78434,2.57871,0.163975,0.0120019,1.38242,0.351002,2.50049,0.678497,1.5548
