iteration,total_runs,mean,standard_deviation,min,max,0,1,2,3,4,5,6,7,8,9,10,11,12,13,14,15,16,17,18,19,20,21,22,23,24,25,26
0,0,10.4573,19.0172,0.124905,86.0605,0.675376,1.42169,0.209462,12.9963,0.124905,15.2197,0.669008,0.231192,48.9012,9.84934,86.0605,8.51337,3.15418,7.0765,2.46932,2.31815,3.87766,0.696716,4.39539,1.50106,4.76113,10.7544,2.79809,1.88967,11.4769,0.373848,39.9322
1,123,1.70869,2.11074,0.0616316,9.7761,0.257129,0.579988,0.0616316,1.65843,0.0832905,1.13271,0.524204,0.0735436,0.393043,1.49834,9.7761,3.01393,2.17187,1.38853,1.07615,1.40444,1.58914,0.307798,2.95817,1.32557,1.42714,2.17692,2.37957,1.04878,6.73822,0.0739395,1.01598
2,246,1.21676,1.30678,0.0421393,5.20639,0.144787,0.431441,0.0421393,1.34296,0.0614027,0.484162,0.432499,0.0607737,0.345039,0.868307,5.20639,2.75225,1.66721,1.01286,0.643912,1.24955,1.00773,0.219361,2.45547,1.33677,1.08439,1.91235,2.10605,0.705501,4.64766,0.0424071,0.58903
3,369,0.924435,0.92895,0.0320362,3.42154,0.0824803,0.328349,0.0320362,1.18348,0.0462067,0.212651,0.352449,0.0545415,0.306901,0.54804,2.67915,2.63807,1.25657,0.708616,0.328209,1.15151,0.752834,0.158856,2.00302,1.42323,0.877547,1.76689,1.78448,0.50337,3.42154,0.0339298,0.324823
