iteration,total_runs,mean,standard_deviation,min,max,0,1,2,3,4,5,6,7,8,9,10,11,12,13,14
0,15,0,0,0,0,0,0,0,0,0,0,0,0,0,0,0,0,0,0,0
1,126,0.663816,1.05372,0.029472,3.67114,0.0758169,0.552131,0.0385575,0.103244,0.241607,0.211703,0.435892,0.739176,0.0329709,2.53537,0.0805401,0.029472,3.67114,0.188487,1.02112
2,226,0.663816,1.05372,0.029472,3.67114,0.0758169,0.552131,0.0385575,0.103244,0.241607,0.211703,0.435892,0.739176,0.0329709,2.53537,0.0805401,0.029472,3.67114,0.188487,1.02112
3,326,0.663816,1.05372,0.029472,3.67114,0.0758169,0.552131,0.0385575,0.103244,0.241607,0.211703,0.435892,0.739176,0.0329709,2.53537,0.0805401,0.029472,3.67114,0.188487,1.02112
