iteration,total_runs,mean,standard_deviation,min,max,0,1,2,3,4,5,6,7,8,9,10,11,12,13,14,15,16,17,18,19,20,21,22,23,24,25,26,27,28,base
0,30,0,0,0,0,0,0,0,0,0,0,0,0,0,0,0,0,0,0,0,0,0,0,0,0,0,0,0,0,0,0,0,0,0,0
1,156,0.822577,1.1522,0.00305514,3.91327,3.91327,0.365612,0.0867551,3.54237,0.801339,0.00305514,1.39471,0.144161,0.176645,0.189184,0.0168059,0.0415201,3.86866,0.865563,0.00592887,0.823192,0.0370173,0.174744,0.388987,0.788377,0.480892,0.0313535,1.31261,2.51168,1.25264,0.00553065,0.0659763,1.00071,0.248852,0.139158
2,282,1.34553,1.76385,0.00604453,7.08613,3.77836,0.612755,0.157338,5.04721,1.47316,0.00604453,3.17926,0.308875,0.374849,0.410169,0.0333328,0.0919824,7.08613,1.82821,0.016548,1.09039,0.118857,0.379589,0.934325,1.04896,1.10133,0.0593109,2.85695,4.5256,1.82836,0.0123988,0.135715,1.15192,0.441244,0.276874
3,408,1.34553,1.76385,0.00604453,7.08613,3.77836,0.612755,0.157338,5.04721,1.47316,0.00604453,3.17926,0.308875,0.374849,0.410169,0.0333328,0.0919824,7.08613,1.82821,0.016548,1.09039,0.118857,0.379589,0.934325,1.04896,1.10133,0.0593109,2.85695,4.5256,1.82836,0.0123988,0.135715,1.15192,0.441244,0.276874
