iteration,total_runs,mean,standard_deviation,min,max,0,1,2,3,4,5,6,7,8,9,10,11,12,13,14,15,16,17,18,19
0,0,10.5414,28.4428,0.000769,125.215,0.709325,0.507865,0.000769,5.98303,1.58697,7.22058,1.67333,0.232552,37.9859,1.43094,125.215,2.21746,0.810056,18.9337,2.34456,0.33332,1.53706,0.018376,1.79712,0.290498
1,160,0.919356,0.887303,0.010917,3.41364,1.99915,0.010917,0.093418,0.096898,1.57529,0.043641,1.15665,0.837882,0.323986,3.41364,0.998969,1.95534,0.459394,1.13892,1.88785,0.623632,0.275364,0.97618,0.505753,0.014258
2,320,1.10075,0.959151,0.00149,3.72351,2.10542,0.168313,0.225625,0.046537,1.39462,0.016328,1.09274,1.39662,1.13146,3.72351,0.8537,2.45347,1.61631,1.10032,1.67469,1.47929,0.001802,1.10149,0.431236,0.00149
3,470,1.10075,0.959151,0.00149,3.72351,2.10542,0.168313,0.225625,0.046537,1.39462,0.016328,1.09274,1.39662,1.13146,3.72351,0.8537,2.45347,1.61631,1.10032,1.67469,1.47929,0.001802,1.10149,0.431236,0.00149
