iteration,total_runs,mean,standard_deviation,min,max,0,1,2,3,4,5,6,7,8,9,10,11,12,13,14,15,16,17,18,19,base
0,21,0,0,0,0,0,0,0,0,0,0,0,0,0,0,0,0,0,0,0,0,0,0,0,0,0
1,138,0.528154,0.558226,0.00280304,2.13695,2.13695,0.471924,0.305109,0.898179,0.117797,0.436037,1.42626,0.368553,1.06396,0.0959858,0.126038,0.00280304,1.06,0.694096,0.0738648,0.798445,0.0136154,0.0154887,0.088449,0.773205,0.124469
2,255,0.973719,0.966286,0.0104795,3.66139,1.77853,0.859934,0.684123,1.40683,0.2502,1.14279,3.66139,0.738206,2.31135,0.371074,0.278407,0.0104795,2.56461,1.53774,0.155121,1.21488,0.0367107,0.0399683,0.239537,0.879622,0.286598
3,372,0.973719,0.966286,0.0104795,3.66139,1.77853,0.859934,0.684123,1.40683,0.2502,1.14279,3.66139,0.738206,2.31135,0.371074,0.278407,0.0104795,2.56461,1.53774,0.155121,1.21488,0.0367107,0.0399683,0.239537,0.879622,0.286598
