iteration,total_runs,mean,standard_deviation,min,max,0,1,2,3,4,5,6,7,8,9,10,11,12,13,14,15,16,17,18,19,base
0,21,1.67222,3.55875,0.07298,16.175,16.175,0.350344,0.372586,4.95685,0.27941,0.214553,1.76137,0.227938,0.07298,0.460981,0.31876,0.112645,0.546001,0.28397,0.14869,1.6416,0.674413,0.198788,2.14568,3.67416,0.5
1,138,0.47699,0.56987,0.002885,2.05523,1.67366,0.002885,0.339506,1.15397,0.119522,0.056381,1.21342,0.014954,0.38036,0.430273,0.229833,0.097777,0.09797,0.214717,0.289665,0.10642,0.723397,0.153385,2.05523,0.351665,0.311805
2,255,0.426112,0.508909,0.011657,1.97629,1.58652,0.056498,0.383825,0.556832,0.0442,0.119165,0.65425,0.032029,0.682009,0.398276,0.173828,0.09125,0.099905,0.419866,0.372112,0.011657,0.760329,0.117329,1.97629,0.216385,0.195805
3,372,0.427985,0.498654,0.026185,1.93657,1.56648,0.09781,0.42761,0.450818,0.026185,0.21064,0.409608,0.081229,0.800105,0.386545,0.159136,0.09092,0.116548,0.573904,0.403033,0.027796,0.775528,0.106945,1.93657,0.183889,0.156393
