iteration,total_runs,mean,standard_deviation,min,max,0,1,2,3,4,5,6,7,8,9,10,11,12,13,14,15,16,17,18,19,base
0,21,0,0,0,0,0,0,0,0,0,0,0,0,0,0,0,0,0,0,0,0,0,0,0,0,0
1,138,1.06771,1.57021,0.017294,5.63085,4.43789,0.17761,0.352632,3.09435,0.309906,2.09571,0.047833,0.260549,0.0306979,0.166648,0.697811,0.017294,1.0158,0.196815,0.0263272,0.299647,0.0729793,1.30571,5.63085,2.03757,0.147282
2,255,1.16105,1.45957,0.0252119,4.52528,4.52528,0.322528,0.453748,3.38242,0.416016,2.82962,0.0606745,0.371618,0.0363942,0.276477,0.758723,0.0252119,1.36615,0.275551,0.0353384,0.589581,0.092203,1.8109,4.40217,2.17279,0.178717
3,355,1.16105,1.45957,0.0252119,4.52528,4.52528,0.322528,0.453748,3.38242,0.416016,2.82962,0.0606745,0.371618,0.0363942,0.276477,0.758723,0.0252119,1.36615,0.275551,0.0353384,0.589581,0.092203,1.8109,4.40217,2.17279,0.178717
