iteration,total_runs,mean,standard_deviation,min,max,0,1,2,3,4,5,6,7,8,9,10,11,12,13,14,15,16,17,18,19,20,21,22,23,24,25,26
0,0,9.14761,24.6951,0.000769,125.215,0.709325,0.507865,0.000769,5.98303,1.58697,7.22058,1.67333,0.232552,37.9859,1.43094,125.215,2.21746,0.810056,18.9337,2.34456,0.33332,1.53706,0.018376,1.79712,0.290498,1.57654,8.93099,0.435241,1.04173,3.20344,0.275965,20.6928
1,27,6.27415,5.85003,0.118201,23.7071,3.65396,1.16826,1.36282,7.94244,0.267754,5.81119,0.122273,6.64901,3.71527,8.6933,8.52909,0.9549,23.7071,5.32131,0.118201,7.1833,6.43049,5.21184,4.31143,11.5776,3.0883,4.59955,4.37786,17.7564,18.7284,0.90378,7.21635
2,54,6.27415,5.85003,0.118201,23.7071,3.65396,1.16826,1.36282,7.94244,0.267754,5.81119,0.122273,6.64901,3.71527,8.6933,8.52909,0.9549,23.7071,5.32131,0.118201,7.1833,6.43049,5.21184,4.31143,11.5776,3.0883,4.59955,4.37786,17.7564,18.7284,0.90378,7.21635
3,81,6.27415,5.85003,0.118201,23.7071,3.65396,1.16826,1.36282,7.94244,0.267754,5.81119,0.122273,6.64901,3.71527,8.6933,8.52909,0.9549,23.7071,5.32131,0.118201,7.1833,6.43049,5.21184,4.31143,11.5776,3.0883,4.59955,4.37786,17.7564,18.7284,0.90378,7.21635
