iteration,total_runs,mean,standard_deviation,min,max,0,1,2,3,4,5,6,7,8,9,10,11,12,13,14,15,16,17,18,19,base
0,21,4.27408,5.31131,0.111741,18.8337,16.4185,2.64577,1.51186,10.3499,1.59569,7.60832,0.165553,1.17801,0.111741,2.16509,2.33515,0.153511,4.46779,1.14428,0.148681,4.42783,0.323563,6.37767,18.8337,7.29296,0.5
1,98,1.45945,1.47103,0.0410748,4.76987,2.8098,2.11635,0.476342,1.21447,1.09546,3.91978,0.074273,0.760364,0.0410748,1.81854,0.240023,0.102417,2.25565,0.595994,0.0912326,4.16806,0.120292,4.76987,2.37507,1.46918,0.13429
2,175,1.16671,1.27326,0.0363249,4.38854,2.17755,1.83617,0.297339,0.852639,0.911613,2.56242,0.0597241,0.65822,0.0363249,1.64698,0.155835,0.100082,1.70552,0.489498,0.0634456,4.38854,0.0905901,4.02886,1.02677,1.33672,0.075973
3,252,0.960822,1.19148,0.0308102,4.6493,1.90687,1.62191,0.175174,0.576803,0.762386,1.35065,0.0456757,0.553282,0.0308102,1.51218,0.0973237,0.099856,1.25665,0.428361,0.0464201,4.6493,0.0730964,3.33436,0.412093,1.20533,0.038729
