iteration,total_runs,mean,standard_deviation,min,max,0,1,2,3,4,5,6,7,8,9,10,11,12,13,14,15,16,17,18,19,base
0,21,2.93985,2.55786,0.0688458,8.42438,8.42438,2.4027,1.50686,4.73746,1.22642,3.60007,8.16142,2.5737,4.49132,3.52889,0.881238,0.113896,5.98974,2.68265,0.350051,5.07331,0.0688458,0.389418,0.54662,4.48793,0.5
1,138,1.45406,1.56966,0.0487027,6.70599,0.262633,0.937965,0.867132,1.67663,0.920433,2.58516,6.70599,1.51259,2.05141,3.28463,0.648986,0.108604,3.51799,1.13281,0.16841,1.90344,0.0487027,0.359216,0.496086,1.09278,0.253773
2,255,1.2714,1.40109,0.036993,5.83189,0.036993,0.731079,0.694746,1.61031,0.835416,2.25133,5.83189,1.24935,1.74604,3.11318,0.556327,0.105141,3.18135,0.764071,0.146863,1.70787,0.0427329,0.3476,0.475352,1.08044,0.191296
3,372,1.1491,1.25156,0.0338704,5.01299,0.0338704,0.636755,0.563068,1.54101,0.781872,2.02586,5.01299,1.09826,1.54333,2.9733,0.493549,0.102688,3.01235,0.528115,0.130406,1.60842,0.0387459,0.341534,0.456248,1.06078,0.147978
