iteration,total_runs,mean,standard_deviation,min,max,0,1,2,3,4,5,6,7,8,9,10,11,12,13,14,base
0,16,1.49598,2.91506,0.059866,11.7688,0.059866,1.07867,4.35168,0.413092,0.639626,0.587185,0.226196,0.801005,0.077797,1.17022,0.44145,0.36865,11.7688,0.591226,0.860296,0.5
1,128,0.674335,0.907915,0.04181,3.95645,0.64322,0.103298,0.264857,0.302216,0.667701,0.657108,0.227842,0.6521,0.04181,0.674893,0.296089,0.452269,3.95645,0.622885,0.89297,0.33365
2,228,0.674335,0.907915,0.04181,3.95645,0.64322,0.103298,0.264857,0.302216,0.667701,0.657108,0.227842,0.6521,0.04181,0.674893,0.296089,0.452269,3.95645,0.622885,0.89297,0.33365
3,328,0.674335,0.907915,0.04181,3.95645,0.64322,0.103298,0.264857,0.302216,0.667701,0.657108,0.227842,0.6521,0.04181,0.674893,0.296089,0.452269,3.95645,0.622885,0.89297,0.33365
