iteration,total_runs,mean,standard_deviation,min,max,0,1,2,3,4,5,6,7,8,9,10,11,12,13,14,15,16,17,18,19,20,base
0,22,3.24277,3.07341,0.0203041,11.7323,11.7323,7.42165,6.32521,4.21718,0.666151,4.42998,0.218118,5.74216,5.42597,2.78153,0.328934,6.09967,4.77261,0.183776,0.0203041,2.34057,0.412965,4.09199,0.835635,2.27642,0.517759,0.5
1,140,2.13387,2.18543,0.011354,8.48597,8.48597,3.94047,0.681034,3.41754,0.579608,3.83844,0.15985,5.22564,4.98172,2.52962,0.195068,2.98301,2.65244,0.165719,0.011354,1.28203,0.355806,2.54641,0.688826,1.46669,0.430634,0.327249
2,240,2.13387,2.18543,0.011354,8.48597,8.48597,3.94047,0.681034,3.41754,0.579608,3.83844,0.15985,5.22564,4.98172,2.52962,0.195068,2.98301,2.65244,0.165719,0.011354,1.28203,0.355806,2.54641,0.688826,1.46669,0.430634,0.327249
3,340,2.13387,2.18543,0.011354,8.48597,8.48597,3.94047,0.681034,3.41754,0.579608,3.83844,0.15985,5.22564,4.98172,2.52962,0.195068,2.98301,2.65244,0.165719,0.011354,1.28203,0.355806,2.54641,0.688826,1.46669,0.430634,0.327249
