iteration,total_runs,mean,standard_deviation,min,max,0,1,2,3,4,5,6,7,8,9,10,11,12,13,14,15,16,17,18,19
0,0,1.32234,2.62076,0.059866,11.7688,0.059866,1.07867,4.35168,0.413092,0.639626,0.587185,0.226196,0.801005,0.077797,1.17022,0.44145,0.36865,11.7688,0.591226,0.860296,0.471376,0.75016,0.144625,1.20387,0.44098
1,160,0.659224,0.723306,0.039533,3.50252,0.720722,0.053397,0.262309,0.32002,0.670541,0.656708,0.232013,0.600697,0.039533,0.69338,0.304429,0.235592,3.50252,0.625906,0.896625,0.735901,0.696925,0.71282,0.975421,0.24901
2,310,0.659224,0.723306,0.039533,3.50252,0.720722,0.053397,0.262309,0.32002,0.670541,0.656708,0.232013,0.600697,0.039533,0.69338,0.304429,0.235592,3.50252,0.625906,0.896625,0.735901,0.696925,0.71282,0.975421,0.24901
3,460,0.659224,0.723306,0.039533,3.50252,0.720722,0.053397,0.262309,0.32002,0.670541,0.656708,0.232013,0.600697,0.039533,0.69338,0.304429,0.235592,3.50252,0.625906,0.896625,0.735901,0.696925,0.71282,0.975421,0.24901
