iteration,total_runs,mean,standard_deviation,min,max,0,1,2,3,4,5,6,7,8,9,10,11,12,13,14,base
0,16,0,0,0,0,0,0,0,0,0,0,0,0,0,0,0,0,0,0,0,0
1,128,0.669945,0.62834,0.00588572,2.15946,1.54109,2.15946,1.22297,0.756324,0.110394,0.786129,0.0342378,0.701991,1.17318,0.465342,0.0566427,0.744192,0.845023,0.0224901,0.00588572,0.0937659
2,228,0.669945,0.62834,0.00588572,2.15946,1.54109,2.15946,1.22297,0.756324,0.110394,0.786129,0.0342378,0.701991,1.17318,0.465342,0.0566427,0.744192,0.845023,0.0224901,0.00588572,0.0937659
3,328,0.669945,0.62834,0.00588572,2.15946,1.54109,2.15946,1.22297,0.756324,0.110394,0.786129,0.0342378,0.701991,1.17318,0.465342,0.0566427,0.744192,0.845023,0.0224901,0.00588572,0.0937659
