iteration,total_runs,mean,standard_deviation,min,max,0,1,2,3,4,5,6,7,8,9,10,11,12,13,14,15,16,17,18,19,base
0,0,0,0,0,0,0,0,0,0,0,0,0,0,0,0,0,0,0,0,0,0,0,0,0,0,
1,160,1.81934,3.64543,0.0444061,16.4266,0.979025,0.633509,0.135748,1.10895,0.198477,1.85798,0.0864912,0.267311,4.5162,0.0821668,16.4266,0.265535,2.04545,3.76724,0.0444061,0.834441,1.45816,0.697657,0.630569,0.350888,
2,320,2.49296,3.37726,0.100512,15.0769,3.33219,1.44043,0.457429,1.7578,0.783734,3.12066,0.186131,0.622404,5.81126,0.103728,15.0769,0.884347,3.97399,4.96669,0.100512,1.42195,2.11425,1.61019,1.30204,0.792586,
3,470,2.49296,3.37726,0.100512,15.0769,3.33219,1.44043,0.457429,1.7578,0.783734,3.12066,0.186131,0.622404,5.81126,0.103728,15.0769,0.884347,3.97399,4.96669,0.100512,1.42195,2.11425,1.61019,1.30204,0.792586,
