iteration,total_runs,mean,standard_deviation,min,max,0,1,2,3,4,5,6,7,8,9,10,11,12,13,14,15,16,17,18,19,base
0,21,10.0633,27.809,0.000769,125.215,0.709325,0.507865,0.000769,5.98303,1.58697,7.22058,1.67333,0.232552,37.9859,1.43094,125.215,2.21746,0.810056,18.9337,2.34456,0.33332,1.53706,0.018376,1.79712,0.290498,0.5
1,138,0.87454,0.876645,0.013033,3.37973,1.99741,0.013033,0.093721,0.109674,1.56247,0.062234,1.17127,0.837668,0.301225,3.37973,0.84069,1.97879,0.42898,1.15528,1.89951,0.604132,0.291485,0.95065,0.510728,0.019865,0.156802
2,238,0.87454,0.876645,0.013033,3.37973,1.99741,0.013033,0.093721,0.109674,1.56247,0.062234,1.17127,0.837668,0.301225,3.37973,0.84069,1.97879,0.42898,1.15528,1.89951,0.604132,0.291485,0.95065,0.510728,0.019865,0.156802
3,338,0.87454,0.876645,0.013033,3.37973,1.99741,0.013033,0.093721,0.109674,1.56247,0.062234,1.17127,0.837668,0.301225,3.37973,0.84069,1.97879,0.42898,1.15528,1.89951,0.604132,0.291485,0.95065,0.510728,0.019865,0.156802
