iteration,total_runs,mean,standard_deviation,min,max,0,1,2,3,4,5,6,7,8,9,10,11,12,13,14,15,16,17,18,19,20,base
0,22,1.28513,2.499,0.059866,11.7688,0.059866,1.07867,4.35168,0.413092,0.639626,0.587185,0.226196,0.801005,0.077797,1.17022,0.44145,0.36865,11.7688,0.591226,0.860296,0.471376,0.75016,0.144625,1.20387,0.44098,1.3261,0.5
1,140,0.657636,0.683886,0.03349,3.37758,0.712205,0.03349,0.168041,0.33173,0.674953,0.676325,0.224773,0.584785,0.041861,0.727497,0.301813,0.164488,3.37758,0.626513,0.899748,0.783848,0.698218,0.695293,0.985673,0.24914,1.18276,0.327249
2,240,0.657636,0.683886,0.03349,3.37758,0.712205,0.03349,0.168041,0.33173,0.674953,0.676325,0.224773,0.584785,0.041861,0.727497,0.301813,0.164488,3.37758,0.626513,0.899748,0.783848,0.698218,0.695293,0.985673,0.24914,1.18276,0.327249
3,340,0.657636,0.683886,0.03349,3.37758,0.712205,0.03349,0.168041,0.33173,0.674953,0.676325,0.224773,0.584785,0.041861,0.727497,0.301813,0.164488,3.37758,0.626513,0.899748,0.783848,0.698218,0.695293,0.985673,0.24914,1.18276,0.327249
