iteration,total_runs,mean,standard_deviation,min,max,0,1,2,3,4,5,6,7,8,9,10,11,12,13,14,15,16,17,18,19,base
0,21,0,0,0,0,0,0,0,0,0,0,0,0,0,0,0,0,0,0,0,0,0,0,0,0,0
1,138,0.328269,0.346993,0.00173417,1.32794,1.32794,0.293255,0.189586,0.55794,0.0731638,0.270732,0.886242,0.228985,0.66365,0.0593867,0.0783084,0.00173417,0.658417,0.431314,0.0459006,0.496108,0.00845798,0.00976377,0.0549579,0.480447,0.0773476
2,255,0.77361,0.762498,0.00774794,2.90258,1.40637,0.693194,0.551812,1.12814,0.202537,0.896156,2.90258,0.606866,1.82221,0.276286,0.224363,0.00774794,1.987,1.24404,0.124049,0.983179,0.0284664,0.031296,0.187354,0.713276,0.228896
3,372,1.01242,1.05144,0.0122196,4.1063,1.42858,0.853705,0.742746,1.36919,0.262903,1.23929,4.1063,0.761086,2.50172,0.426877,0.297044,0.0122196,2.82983,1.64335,0.16636,1.1417,0.0421804,0.0433427,0.275774,0.804754,0.311773
