iteration,total_runs,mean,standard_deviation,min,max,0,1,2,3,4,5,6,7,8,9,10,11,12,13,14,15,16,17,18,19,base
0,21,0,0,0,0,0,0,0,0,0,0,0,0,0,0,0,0,0,0,0,0,0,0,0,0,0
1,98,0.707986,0.748331,0.00375809,2.86506,2.86506,0.632719,0.409066,1.20421,0.157932,0.584603,1.91222,0.494127,1.42423,0.12869,0.168981,0.00375809,1.42116,0.930589,0.099032,1.07049,0.0182545,0.0204746,0.118585,1.03665,0.166878
2,158,0.707986,0.748331,0.00375809,2.86506,2.86506,0.632719,0.409066,1.20421,0.157932,0.584603,1.91222,0.494127,1.42423,0.12869,0.168981,0.00375809,1.42116,0.930589,0.099032,1.07049,0.0182545,0.0204746,0.118585,1.03665,0.166878
3,218,0.707986,0.748331,0.00375809,2.86506,2.86506,0.632719,0.409066,1.20421,0.157932,0.584603,1.91222,0.494127,1.42423,0.12869,0.168981,0.00375809,1.42116,0.930589,0.099032,1.07049,0.0182545,0.0204746,0.118585,1.03665,0.166878
