iteration,total_runs,mean,standard_deviation,min,max,0,1,2,3,4,5,6,7,8,9,10,11,12,13,14,15,16,17,18,19,20,21,22,23,24,25,26,27,28,base
0,30,4.02166,4.58386,0.0153612,15.4764,15.0664,5.89219,0.383345,14.603,4.26651,0.0153612,4.95321,1.68211,1.95309,1.42551,0.0911697,1.03742,15.4764,3.02332,0.185653,3.62506,1.65778,1.45333,1.35878,6.53454,3.34367,0.114994,9.57595,8.77401,7.13346,0.0390691,0.784646,4.82835,0.871274,0.5
1,156,1.94119,2.07707,0.00913311,7.98757,1.49747,5.29027,0.232785,3.27856,2.48324,0.00913311,3.67254,1.39509,1.50691,1.05029,0.0634192,0.899987,7.98757,1.78995,0.176879,0.702245,1.58727,1.16313,1.14067,3.39208,2.64456,0.0516277,7.44529,3.08574,3.75572,0.0338428,0.632255,0.723619,0.289699,0.253773
2,282,1.7159,1.83833,0.00709593,6.96317,1.4217,5.2093,0.187458,2.74866,2.01099,0.00709593,2.66095,1.26055,1.40088,0.83744,0.0525316,0.863373,6.96317,1.47323,0.171552,0.534577,1.55482,1.02996,1.01431,3.28745,2.46687,0.0459725,6.35127,2.63546,3.59328,0.0313458,0.580323,0.687615,0.223289,0.17154
3,408,1.53474,1.67857,0.00540837,6.3799,1.35785,5.18367,0.145779,2.46734,1.74171,0.00540837,1.37892,1.13478,1.3149,0.661941,0.0461367,0.843413,6.3799,1.2535,0.166339,0.475417,1.52718,0.93398,0.845745,3.19525,2.3424,0.0392425,5.27808,2.31263,3.51148,0.0295663,0.540502,0.656335,0.168489,0.104224
