iteration,total_runs,mean,standard_deviation,min,max,0,1,2,3,4,5,6,7,8,9,10,11,12,13,14,15,16,17,18,19,20,21,22,23,24,25,26
0,0,2.89953,2.92228,0.0203041,11.7323,11.7323,7.42165,6.32521,4.21718,0.666151,4.42998,0.218118,5.74216,5.42597,2.78153,0.328934,6.09967,4.77261,0.183776,0.0203041,2.34057,0.412965,4.09199,0.835635,2.27642,0.517759,0.19147,2.70887,3.36114,0.0578455,0.926726,0.200341
