iteration,total_runs,mean,standard_deviation,min,max,0,1,2,3,4,5,6,7,8,9,10,11,12,13,14,15,16,17,18,19,base
0,21,4.27408,5.31131,0.111741,18.8337,16.4185,2.64577,1.51186,10.3499,1.59569,7.60832,0.165553,1.17801,0.111741,2.16509,2.33515,0.153511,4.46779,1.14428,0.148681,4.42783,0.323563,6.37767,18.8337,7.29296,0.5
1,138,1.45945,1.47103,0.0410748,4.76987,2.8098,2.11635,0.476342,1.21447,1.09546,3.91978,0.074273,0.760364,0.0410748,1.81854,0.240023,0.102417,2.25565,0.595994,0.0912326,4.16806,0.120292,4.76987,2.37507,1.46918,0.13429
2,255,1.28253,1.35029,0.0347897,4.361,2.88772,1.95133,0.386539,0.725401,1.00466,2.78547,0.0628323,0.695794,0.0347897,1.73528,0.184857,0.100328,1.83823,0.509198,0.07832,4.25685,0.0961931,4.361,1.80859,1.34234,0.087434
3,355,1.28253,1.35029,0.0347897,4.361,2.88772,1.95133,0.386539,0.725401,1.00466,2.78547,0.0628323,0.695794,0.0347897,1.73528,0.184857,0.100328,1.83823,0.509198,0.07832,4.25685,0.0961931,4.361,1.80859,1.34234,0.087434
