iteration,total_runs,mean,standard_deviation,min,max,0,1,2,3,4,5,6,7,8,9,10,11,12,13,14,15,16,17,18,19
0,20,2.56706,3.14352,0.108671,12.2195,0.484258,2.43531,0.134505,0.445059,1.71992,1.32842,3.19424,4.79478,0.280132,8.63402,0.267016,0.128924,12.2195,0.651189,4.37451,0.108671,1.77937,4.25995,3.03225,1.06912
1,136,1.24666,1.36227,0.00623603,4.403,0.24668,0.670915,0.00623603,0.306013,1.60649,0.928476,2.7411,4.403,0.205881,3.2021,0.143279,0.0607767,0.0906434,0.473026,2.53288,0.0939843,0.626426,3.59955,2.03769,0.958113
2,252,1.07466,1.23604,0.00417859,4.08171,0.151211,0.401688,0.00417859,0.265016,1.52746,0.734047,2.36516,4.08171,0.180197,2.94501,0.0971628,0.0387363,0.0683283,0.385476,2.03645,0.084854,0.519412,3.238,1.46769,0.901374
3,368,0.922499,1.11639,0.00285828,3.71298,0.096146,0.272695,0.00285828,0.235307,1.44222,0.549064,1.94487,3.71298,0.172855,2.78011,0.0665872,0.025644,0.053514,0.310111,1.53143,0.0782489,0.451363,2.92916,0.929737,0.865088
