iteration,total_runs,mean,standard_deviation,min,max,0,1,2,3,4,5,6,7,8,9,10,11,12,13,14,15,16,17,18,19,base
0,21,0,0,0,0,0,0,0,0,0,0,0,0,0,0,0,0,0,0,0,0,0,0,0,0,0
1,138,1.65501,3.41935,0.0420289,15.7125,0.936529,0.597276,0.127584,1.03993,0.185921,1.74094,0.0812358,0.257467,4.33479,0.0777824,15.7125,0.244942,1.93773,3.58461,0.0420289,0.792791,1.42089,0.667812,0.583644,0.326659,0.0621318
2,238,1.65501,3.41935,0.0420289,15.7125,0.936529,0.597276,0.127584,1.03993,0.185921,1.74094,0.0812358,0.257467,4.33479,0.0777824,15.7125,0.244942,1.93773,3.58461,0.0420289,0.792791,1.42089,0.667812,0.583644,0.326659,0.0621318
3,338,1.65501,3.41935,0.0420289,15.7125,0.936529,0.597276,0.127584,1.03993,0.185921,1.74094,0.0812358,0.257467,4.33479,0.0777824,15.7125,0.244942,1.93773,3.58461,0.0420289,0.792791,1.42089,0.667812,0.583644,0.326659,0.0621318
