iteration,total_runs,mean,standard_deviation,min,max,0,1,2,3,4,5,6,7,8,9,10,11,12,13,14,15,16,17,18,19,20,21,22,23,24,25,26,27,28,base
0,30,4.02166,4.58386,0.0153612,15.4764,15.0664,5.89219,0.383345,14.603,4.26651,0.0153612,4.95321,1.68211,1.95309,1.42551,0.0911697,1.03742,15.4764,3.02332,0.185653,3.62506,1.65778,1.45333,1.35878,6.53454,3.34367,0.114994,9.57595,8.77401,7.13346,0.0390691,0.784646,4.82835,0.871274,0.5
1,156,3.63705,3.95141,0.0148696,14.3546,11.2915,5.81322,0.368973,12.2356,4.10502,0.0148696,4.86157,1.65909,1.90731,1.39347,0.0882692,1.0237,14.3546,2.8681,0.184901,3.11791,1.65264,1.42679,1.34015,5.96154,3.26744,0.108298,9.41734,7.85064,6.50037,0.0385775,0.770812,4.21545,0.797114,0.476296
2,282,2.06114,2.18953,0.0098665,8.51934,1.69053,5.35398,0.247805,3.84928,2.66334,0.0098665,3.80683,1.4492,1.58142,1.11509,0.0655749,0.926587,8.51934,1.87392,0.179772,0.871812,1.61375,1.19351,1.16212,3.63949,2.72359,0.0586743,7.74582,3.48447,3.93783,0.0342116,0.654251,0.765308,0.339957,0.276865
3,408,1.45977,1.63659,0.00480733,6.01389,1.39012,5.17776,0.115054,2.4275,1.71879,0.00480733,0.440271,1.12474,1.29311,0.610977,0.0425146,0.836876,6.01389,1.13934,0.165747,0.436452,1.52527,0.908714,0.747989,3.27223,2.2676,0.0359075,4.96374,2.21356,3.50381,0.0283018,0.516162,0.6636,0.148063,0.060085
