iteration,total_runs,mean,standard_deviation,min,max,0,1,2,3,4,5,6,7,8,9,10,11,12,13,14,15,16,17,18,19,20,21,22,23,24,25,26
0,0,1.07348,2.2909,0.019016,11.7688,0.059866,1.07867,4.35168,0.413092,0.639626,0.587185,0.226196,0.801005,0.077797,1.17022,0.44145,0.36865,11.7688,0.591226,0.860296,0.471376,0.75016,0.144625,1.20387,0.44098,1.3261,0.019016,0.289925,0.410497,0.169481,0.112528,0.209809
1,123,0.543372,0.672633,0.011138,3.45413,0.686893,0.04157,0.179752,0.327625,0.66832,0.653229,0.222416,0.597033,0.045832,0.720625,0.301813,0.189125,3.45413,0.626317,0.898705,0.775624,0.699194,0.678026,0.988045,0.246082,1.19181,0.011138,0.045077,0.053021,0.183362,0.102265,0.084033
2,223,0.543372,0.672633,0.011138,3.45413,0.686893,0.04157,0.179752,0.327625,0.66832,0.653229,0.222416,0.597033,0.045832,0.720625,0.301813,0.189125,3.45413,0.626317,0.898705,0.775624,0.699194,0.678026,0.988045,0.246082,1.19181,0.011138,0.045077,0.053021,0.183362,0.102265,0.084033
3,323,0.543372,0.672633,0.011138,3.45413,0.686893,0.04157,0.179752,0.327625,0.66832,0.653229,0.222416,0.597033,0.045832,0.720625,0.301813,0.189125,3.45413,0.626317,0.898705,0.775624,0.699194,0.678026,0.988045,0.246082,1.19181,0.011138,0.045077,0.053021,0.183362,0.102265,0.084033
