iteration,total_runs,mean,standard_deviation,min,max,0,1,2,3,4,5,6,7,8,9,10,11,12,13,14,15,16,17,18,19,base
0,21,0,0,0,0,0,0,0,0,0,0,0,0,0,0,0,0,0,0,0,0,0,0,0,0,0
1,138,0.546092,0.86428,0.0194871,3.57085,0.0628095,0.545279,0.0384013,0.078769,0.17367,0.178135,0.283667,0.444222,0.0194871,2.29894,0.0778305,0.0291527,3.57085,0.168509,1.01379,0.752161,0.378345,0.405047,0.749008,0.102811,0.0970627
2,255,0.833972,0.99856,0.0408512,3.72573,0.129381,0.802662,0.0408512,0.140939,0.514198,0.402125,0.862072,1.28502,0.0440714,3.19383,0.116359,0.0484034,3.72573,0.269994,1.72156,0.769067,0.577749,1.06825,1.30937,0.305902,0.1859
3,372,1.19762,1.25508,0.0432065,4.28901,0.198096,1.06126,0.0432065,0.221104,1.02697,0.69212,1.6701,2.49566,0.0673717,4.28901,0.158648,0.0697797,3.85314,0.396636,2.63925,0.79231,0.825624,1.97312,2.00684,0.37248,0.297237
