iteration,total_runs,mean,standard_deviation,min,max,0,1,2,3,4,5,6,7,8,9,10,11,12,13,14,15,16,17,18,19,20,21,22,23,24,25,26,27,28,base
0,30,4.02166,4.58386,0.0153612,15.4764,15.0664,5.89219,0.383345,14.603,4.26651,0.0153612,4.95321,1.68211,1.95309,1.42551,0.0911697,1.03742,15.4764,3.02332,0.185653,3.62506,1.65778,1.45333,1.35878,6.53454,3.34367,0.114994,9.57595,8.77401,7.13346,0.0390691,0.784646,4.82835,0.871274,0.5
1,156,1.94119,2.07707,0.00913311,7.98757,1.49747,5.29027,0.232785,3.27856,2.48324,0.00913311,3.67254,1.39509,1.50691,1.05029,0.0634192,0.899987,7.98757,1.78995,0.176879,0.702245,1.58727,1.16313,1.14067,3.39208,2.64456,0.0516277,7.44529,3.08574,3.75572,0.0338428,0.632255,0.723619,0.289699,0.253773
2,282,1.7216,1.84446,0.0070438,6.98532,1.42253,5.21317,0.188388,2.7651,2.0275,0.0070438,2.68407,1.26314,1.40339,0.84384,0.0525136,0.863373,6.98532,1.4785,0.171552,0.540519,1.55482,1.03353,1.01712,3.28962,2.47181,0.0459725,6.38378,2.64518,3.59984,0.0313458,0.579803,0.687307,0.225346,0.172706
3,408,1.55032,1.69288,0.00567613,6.42674,1.35956,5.18764,0.147288,2.49172,1.76907,0.00567613,1.4713,1.14557,1.32461,0.679499,0.0464936,0.844498,6.42674,1.26807,0.166307,0.481805,1.53034,0.94327,0.857951,3.20456,2.3558,0.0397094,5.39438,2.33313,3.52332,0.0295297,0.54194,0.658117,0.172645,0.108953
