iteration,total_runs,mean,standard_deviation,min,max,0,1,2,3,4,5,6,7,8,9,10,11,12,13,14,15,16,17,18,19,base
0,21,2.93985,2.55786,0.0688458,8.42438,8.42438,2.4027,1.50686,4.73746,1.22642,3.60007,8.16142,2.5737,4.49132,3.52889,0.881238,0.113896,5.98974,2.68265,0.350051,5.07331,0.0688458,0.389418,0.54662,4.48793,0.5
1,138,1.48201,1.59438,0.0495928,6.79684,0.183562,0.979324,0.897689,1.71706,0.933982,2.63261,6.79684,1.55897,2.12007,3.29581,0.659073,0.108761,3.59406,1.20662,0.175122,1.96796,0.0495928,0.359932,0.499542,1.12039,0.265189
2,255,1.2031,1.33388,0.0402973,5.52013,0.0802457,0.663601,0.636826,1.50464,0.810365,2.0684,5.52013,1.16002,1.63848,3.04395,0.528152,0.104104,3.0586,0.590188,0.139315,1.61808,0.0402973,0.345216,0.469366,1.07824,0.166916
3,372,1.2031,1.33388,0.0402973,5.52013,0.0802457,0.663601,0.636826,1.50464,0.810365,2.0684,5.52013,1.16002,1.63848,3.04395,0.528152,0.104104,3.0586,0.590188,0.139315,1.61808,0.0402973,0.345216,0.469366,1.07824,0.166916
