iteration,total_runs,mean,standard_deviation,min,max,0,1,2,3,4,5,6,7,8,9,10,11,12,13,base
0,15,0,0,0,0,0,0,0,0,0,0,0,0,0,0,0,0,0,0,0
1,86,1.17645,2.78594,0.0327082,11.0384,11.0384,0.105555,0.0936034,0.50551,0.624284,0.833922,0.20057,0.67353,0.112083,0.626902,0.220711,0.125741,2.28521,0.0327082,0.168123
2,157,1.77415,3.32216,0.0668397,13.093,13.093,0.198038,0.292409,0.857905,1.28071,1.58269,0.525348,1.21879,0.223095,1.33044,0.704989,0.281407,4.58189,0.0668397,0.374709
3,228,2.56333,4.09578,0.118156,15.6372,15.6372,0.270488,0.584349,1.39588,1.91962,2.2564,1.16238,1.68651,0.35382,2.48138,1.35027,0.517291,8.04501,0.118156,0.671213
