iteration,total_runs,mean,standard_deviation,min,max,0,1,2,3,4,5,6,7,8,9,10,11,12,13,14,15,16,17,18,19,base
0,21,12.6708,27.8964,0.317567,126.702,7.9203,4.74289,1.05492,7.57347,1.51996,12.6464,0.597011,1.39809,40.1536,0.58823,126.702,1.82629,8.8265,27.8497,0.317567,6.107,3.85958,5.42507,4.14599,2.33345,0.5
1,138,1.89298,1.54496,0.0600845,5.83972,5.04441,3.03346,0.732069,2.1184,1.26284,3.80355,0.328106,0.902265,2.84843,0.0600845,0.752173,1.7303,5.83972,2.01568,0.176539,1.44555,2.22565,2.01447,1.71429,1.5477,0.156802
2,238,1.89298,1.54496,0.0600845,5.83972,5.04441,3.03346,0.732069,2.1184,1.26284,3.80355,0.328106,0.902265,2.84843,0.0600845,0.752173,1.7303,5.83972,2.01568,0.176539,1.44555,2.22565,2.01447,1.71429,1.5477,0.156802
3,338,1.89298,1.54496,0.0600845,5.83972,5.04441,3.03346,0.732069,2.1184,1.26284,3.80355,0.328106,0.902265,2.84843,0.0600845,0.752173,1.7303,5.83972,2.01568,0.176539,1.44555,2.22565,2.01447,1.71429,1.5477,0.156802
