iteration,total_runs,mean,standard_deviation,min,max,0,1,2,3,4,5,6,7,8,9,10,11,12,13,14,15,16,17,18,19,base
0,21,0,0,0,0,0,0,0,0,0,0,0,0,0,0,0,0,0,0,0,0,0,0,0,0,0
1,138,0.583327,0.616646,0.00308296,2.36079,2.36079,0.521341,0.337043,0.991894,0.130069,0.481301,1.57554,0.407085,1.1747,0.105576,0.139215,0.00308296,1.17052,0.76678,0.0816011,0.88197,0.0150364,0.0169887,0.097703,0.854128,0.137507
2,255,1.01497,1.00681,0.0108934,3.79646,1.90189,0.894834,0.708579,1.46806,0.258746,1.18438,3.79646,0.761953,2.41012,0.385077,0.28852,0.0108934,2.67533,1.5898,0.161062,1.26815,0.0382118,0.0413678,0.24882,0.925014,0.297154
3,372,1.59361,1.77707,0.0241585,6.91718,1.65273,1.24375,1.17144,1.96836,0.400752,2.01518,6.91718,1.08556,4.20816,0.805139,0.461366,0.0241585,4.97337,2.50349,0.267767,1.57267,0.0760362,0.0741654,0.497798,1.04373,0.5031
