iteration,total_runs,mean,standard_deviation,min,max,0,1,2,3,4,5,6,7,8,9,10,11,12,13,14,15,16,17,18,19,base
0,21,1.28318,2.5607,0.059866,11.7688,0.059866,1.07867,4.35168,0.413092,0.639626,0.587185,0.226196,0.801005,0.077797,1.17022,0.44145,0.36865,11.7688,0.591226,0.860296,0.471376,0.75016,0.144625,1.20387,0.44098,0.5
1,138,0.518072,0.608885,0.001261,3.02501,0.001261,0.136882,3.02501,0.367245,0.57125,0.335117,0.148066,0.909081,0.166354,0.45706,0.341578,0.51185,0.435877,0.469508,0.5213,0.463165,0.172346,0.34708,0.642024,0.52357,0.333896
2,255,0.492384,0.609174,0.007208,3.0097,0.007208,0.086656,3.0097,0.360505,0.529645,0.226565,0.094925,0.865033,0.24961,0.461585,0.298745,0.584378,0.414725,0.424016,0.440162,0.474305,0.183121,0.462674,0.353729,0.562217,0.25057
3,372,0.469901,0.610977,0.032776,2.99685,0.032776,0.092237,2.99685,0.358065,0.486301,0.13625,0.080701,0.744493,0.326533,0.43066,0.271665,0.63929,0.398458,0.390514,0.38425,0.485845,0.203229,0.52033,0.12605,0.580645,0.18277
