iteration,total_runs,mean,standard_deviation,min,max,0,1,2,3,4,5,6,7,8,9,10,11,12,13,14,15,16,17,18,19,20,21,22,23,24,25,26,27,28,base
0,30,0,0,0,0,0,0,0,0,0,0,0,0,0,0,0,0,0,0,0,0,0,0,0,0,0,0,0,0,0,0,0,0,0,0
1,156,0.506832,0.506823,0.00571849,2.02014,1.38685,2.02014,1.31118,0.469912,0.0658877,0.485603,0.0348778,0.560859,0.819591,0.41972,0.059498,0.591345,0.791975,0.0140002,0.00571849,1.38753,0.02884,0.69337,0.0817285,0.647242,0.0920556,0.018556,0.569324,0.938316,0.0122199,0.209106,0.0568338,0.570824,0.566222,0.29566
2,256,0.506832,0.506823,0.00571849,2.02014,1.38685,2.02014,1.31118,0.469912,0.0658877,0.485603,0.0348778,0.560859,0.819591,0.41972,0.059498,0.591345,0.791975,0.0140002,0.00571849,1.38753,0.02884,0.69337,0.0817285,0.647242,0.0920556,0.018556,0.569324,0.938316,0.0122199,0.209106,0.0568338,0.570824,0.566222,0.29566
3,356,0.506832,0.506823,0.00571849,2.02014,1.38685,2.02014,1.31118,0.469912,0.0658877,0.485603,0.0348778,0.560859,0.819591,0.41972,0.059498,0.591345,0.791975,0.0140002,0.00571849,1.38753,0.02884,0.69337,0.0817285,0.647242,0.0920556,0.018556,0.569324,0.938316,0.0122199,0.209106,0.0568338,0.570824,0.566222,0.29566
