iteration,total_runs,mean,standard_deviation,min,max,0,1,2,3,4,5,6,7,8,9,10,11,12,13,14,15,16,17,18,19,base
0,21,2.46862,3.09695,0.108671,12.2195,0.484258,2.43531,0.134505,0.445059,1.71992,1.32842,3.19424,4.79478,0.280132,8.63402,0.267016,0.128924,12.2195,0.651189,4.37451,0.108671,1.77937,4.25995,3.03225,1.06912,0.5
1,138,1.21977,1.35323,0.0059352,4.41919,0.256423,0.715762,0.0059352,0.308415,1.61331,0.945173,2.76712,4.41919,0.20831,3.25505,0.14535,0.0628555,0.101068,0.4767,2.58308,0.094869,0.652909,3.62341,2.08175,0.964614,0.333896
2,255,1.05526,1.23238,0.00413988,4.11194,0.1611,0.434576,0.00413988,0.26696,1.53885,0.755836,2.41227,4.11194,0.181468,2.99559,0.0996661,0.0407254,0.0746435,0.391819,2.09747,0.0856913,0.542281,3.26672,1.5392,0.908857,0.25057
3,372,0.911831,1.11805,0.00281475,3.76161,0.104415,0.299096,0.00281475,0.23835,1.46021,0.579507,2.01442,3.76161,0.173459,2.82834,0.0693381,0.0278886,0.0573269,0.317648,1.62019,0.0789508,0.472402,2.96597,1.01986,0.873877,0.18277
