iteration,total_runs,mean,standard_deviation,min,max,0,1,2,3,4,5,6,7,8,9,10,11,12,13,14,15,16,17,18,19,base
0,21,0,0,0,0,0,0,0,0,0,0,0,0,0,0,0,0,0,0,0,0,0,0,0,0,0
1,138,0.583327,0.616646,0.00308296,2.36079,2.36079,0.521341,0.337043,0.991894,0.130069,0.481301,1.57554,0.407085,1.1747,0.105576,0.139215,0.00308296,1.17052,0.76678,0.0816011,0.88197,0.0150364,0.0169887,0.097703,0.854128,0.137507
2,255,0.80771,0.797435,0.00842007,3.04663,1.60886,0.730142,0.578705,1.10052,0.217307,0.861587,3.04663,0.630364,1.94329,0.281009,0.23687,0.00842007,1.98557,1.23661,0.129279,1.06973,0.0285636,0.0346954,0.199762,0.800854,0.233138
3,372,1.0681,1.13837,0.014502,4.58103,1.43322,0.896589,0.810655,1.26602,0.29547,1.21167,4.58103,0.809189,2.77221,0.465456,0.328653,0.014502,2.88167,1.66436,0.178199,1.2288,0.0442537,0.052441,0.318767,0.849613,0.3273
