iteration,total_runs,mean,standard_deviation,min,max,0,1,2,3,4,5,6,7,8,9,10,11,12,13,14,15,16,17,18,19,20,21,22,23,24,25,26,27,28,base
0,0,0,0,0,0,0,0,0,0,0,0,0,0,0,0,0,0,0,0,0,0,0,0,0,0,0,0,0,0,0,0,0,,,
1,123,0.52703,0.546318,0.00592298,2.12196,1.38369,2.12196,1.28116,0.562282,0.0795425,0.581886,0.0340548,0.577575,0.948536,0.392228,0.0579965,0.609979,0.796666,0.0158818,0.00592298,1.39916,0.03643,0.676165,0.0841398,0.662805,0.0897339,0.022426,0.563962,0.9471,0.0134989,0.226513,0.0585183,,,
2,223,0.52703,0.546318,0.00592298,2.12196,1.38369,2.12196,1.28116,0.562282,0.0795425,0.581886,0.0340548,0.577575,0.948536,0.392228,0.0579965,0.609979,0.796666,0.0158818,0.00592298,1.39916,0.03643,0.676165,0.0841398,0.662805,0.0897339,0.022426,0.563962,0.9471,0.0134989,0.226513,0.0585183,,,
3,323,0.52703,0.546318,0.00592298,2.12196,1.38369,2.12196,1.28116,0.562282,0.0795425,0.581886,0.0340548,0.577575,0.948536,0.392228,0.0579965,0.609979,0.796666,0.0158818,0.00592298,1.39916,0.03643,0.676165,0.0841398,0.662805,0.0897339,0.022426,0.563962,0.9471,0.0134989,0.226513,0.0585183,,,
