iteration,total_runs,mean,standard_deviation,min,max,0,1,2,3,4,5,6,7,8,9,10,11,12,13,14,15,16,17,18,19,base
0,21,1.67222,3.55875,0.07298,16.175,16.175,0.350344,0.372586,4.95685,0.27941,0.214553,1.76137,0.227938,0.07298,0.460981,0.31876,0.112645,0.546001,0.28397,0.14869,1.6416,0.674413,0.198788,2.14568,3.67416,0.5
1,98,0.357703,0.453608,0.007345,2.00848,0.372541,0.02293,0.36805,0.455464,0.061821,0.060713,0.896257,0.007345,0.612324,0.4149,0.201178,0.0916,0.09605,0.329828,0.363298,0.010253,0.746433,0.133225,2.00848,0.027988,0.231092
2,158,0.357703,0.453608,0.007345,2.00848,0.372541,0.02293,0.36805,0.455464,0.061821,0.060713,0.896257,0.007345,0.612324,0.4149,0.201178,0.0916,0.09605,0.329828,0.363298,0.010253,0.746433,0.133225,2.00848,0.027988,0.231092
3,218,0.357703,0.453608,0.007345,2.00848,0.372541,0.02293,0.36805,0.455464,0.061821,0.060713,0.896257,0.007345,0.612324,0.4149,0.201178,0.0916,0.09605,0.329828,0.363298,0.010253,0.746433,0.133225,2.00848,0.027988,0.231092
