iteration,total_runs,mean,standard_deviation,min,max,0,1,2,3,4,5,6,7,8,9,10,11,12,13,14,15,16,17,18,19,20,21,22,23,24,25,26
0,0,11.4106,24.7747,0.226099,126.702,7.9203,4.74289,1.05492,7.57347,1.51996,12.6464,0.597011,1.39809,40.1536,0.58823,126.702,1.82629,8.8265,27.8497,0.317567,6.107,3.85958,5.42507,4.14599,2.33345,2.9323,8.63703,0.226099,4.46286,5.27201,0.798633,20.1692
1,123,1.68004,1.4824,0.0128973,5.98292,4.8122,3.11279,0.731245,2.09092,1.23906,3.79981,0.324887,0.893251,2.98902,0.0525934,1.33568,1.74054,5.98292,1.66926,0.167657,1.31629,2.14879,1.88915,1.72265,1.46103,0.516894,0.370317,0.0285745,1.7637,2.76302,0.42579,0.0128973
2,223,1.68004,1.4824,0.0128973,5.98292,4.8122,3.11279,0.731245,2.09092,1.23906,3.79981,0.324887,0.893251,2.98902,0.0525934,1.33568,1.74054,5.98292,1.66926,0.167657,1.31629,2.14879,1.88915,1.72265,1.46103,0.516894,0.370317,0.0285745,1.7637,2.76302,0.42579,0.0128973
3,323,1.68004,1.4824,0.0128973,5.98292,4.8122,3.11279,0.731245,2.09092,1.23906,3.79981,0.324887,0.893251,2.98902,0.0525934,1.33568,1.74054,5.98292,1.66926,0.167657,1.31629,2.14879,1.88915,1.72265,1.46103,0.516894,0.370317,0.0285745,1.7637,2.76302,0.42579,0.0128973
