iteration,total_runs,mean,standard_deviation,min,max,0,1,2,3,4,5,6,7,8,9,10,11,12,13,14,15,16,17,18,19,20,21,22,23,24,25,26,27,28,base
0,30,0,0,0,0,0,0,0,0,0,0,0,0,0,0,0,0,0,0,0,0,0,0,0,0,0,0,0,0,0,0,0,0,0,0
1,132,0.00679184,0.00960438,2.45112e-05,0.0323206,0.0323206,0.00230958,0.000735704,0.0297611,0.00638651,2.45112e-05,0.0117248,0.00100401,0.00130543,0.00143781,0.000139541,0.000248753,0.0318187,0.00725732,2.51871e-05,0.00690205,9.5137e-05,0.00130638,0.00326185,0.00632036,0.00370007,0.000260432,0.0100265,0.021063,0.00990212,4.50486e-05,0.000502241,0.0106113,0.00208884,0.00117041
2,207,0.00679184,0.00960438,2.45112e-05,0.0323206,0.0323206,0.00230958,0.000735704,0.0297611,0.00638651,2.45112e-05,0.0117248,0.00100401,0.00130543,0.00143781,0.000139541,0.000248753,0.0318187,0.00725732,2.51871e-05,0.00690205,9.5137e-05,0.00130638,0.00326185,0.00632036,0.00370007,0.000260432,0.0100265,0.021063,0.00990212,4.50486e-05,0.000502241,0.0106113,0.00208884,0.00117041
3,282,0.00679184,0.00960438,2.45112e-05,0.0323206,0.0323206,0.00230958,0.000735704,0.0297611,0.00638651,2.45112e-05,0.0117248,0.00100401,0.00130543,0.00143781,0.000139541,0.000248753,0.0318187,0.00725732,2.51871e-05,0.00690205,9.5137e-05,0.00130638,0.00326185,0.00632036,0.00370007,0.000260432,0.0100265,0.021063,0.00990212,4.50486e-05,0.000502241,0.0106113,0.00208884,0.00117041
