iteration,total_runs,mean,standard_deviation,min,max,0,1,2,3,4,5,6,7,8,9,10,11,12,13,14,15,16,17,18,19,base
0,21,1.67222,3.55875,0.07298,16.175,16.175,0.350344,0.372586,4.95685,0.27941,0.214553,1.76137,0.227938,0.07298,0.460981,0.31876,0.112645,0.546001,0.28397,0.14869,1.6416,0.674413,0.198788,2.14568,3.67416,0.5
1,138,0.377427,0.464855,0.000562,2.02267,0.600296,0.009113,0.355716,0.612866,0.07712,0.05218,0.99178,0.000562,0.54468,0.418769,0.208132,0.093557,0.08845,0.282704,0.34141,0.01418,0.740762,0.138916,2.02267,0.078329,0.253773
2,255,0.40028,0.459422,0.029461,1.95665,1.11431,0.09434,0.411781,0.435572,0.029461,0.17125,0.496765,0.069224,0.773653,0.391645,0.161845,0.089577,0.119858,0.514112,0.396722,0.031225,0.769693,0.108797,1.95665,0.101457,0.167936
3,372,0.448298,0.506972,0.007529,1.87581,1.57171,0.17909,0.521428,0.363536,0.007529,0.393154,0.089909,0.196677,0.97754,0.380682,0.139797,0.089785,0.154009,0.841114,0.448456,0.073021,0.797114,0.089764,1.87581,0.117352,0.106793
