iteration,total_runs,mean,standard_deviation,min,max,0,1,2,3,4,5,6,7,8,9,10,11,12,13,14,15,16,17,18,19,base
0,21,0,0,0,0,0,0,0,0,0,0,0,0,0,0,0,0,0,0,0,0,0,0,0,0,0
1,138,1.06771,1.57021,0.017294,5.63085,4.43789,0.17761,0.352632,3.09435,0.309906,2.09571,0.047833,0.260549,0.0306979,0.166648,0.697811,0.017294,1.0158,0.196815,0.0263272,0.299647,0.0729793,1.30571,5.63085,2.03757,0.147282
2,238,1.06771,1.57021,0.017294,5.63085,4.43789,0.17761,0.352632,3.09435,0.309906,2.09571,0.047833,0.260549,0.0306979,0.166648,0.697811,0.017294,1.0158,0.196815,0.0263272,0.299647,0.0729793,1.30571,5.63085,2.03757,0.147282
3,338,1.06771,1.57021,0.017294,5.63085,4.43789,0.17761,0.352632,3.09435,0.309906,2.09571,0.047833,0.260549,0.0306979,0.166648,0.697811,0.017294,1.0158,0.196815,0.0263272,0.299647,0.0729793,1.30571,5.63085,2.03757,0.147282
