iteration,total_runs,mean,standard_deviation,min,max,0,1,2,3,4,5,6,7,8,9,10,11,12,13,14,15,16,17,18,19,20,21,22,23,24,25,26,27,28,base
0,30,1.34609,3.01115,0.033448,16.175,16.175,0.350344,0.372586,4.95685,0.27941,0.214553,1.76137,0.227938,0.07298,0.460981,0.31876,0.112645,0.546001,0.28397,0.14869,1.6416,0.674413,0.198788,2.14568,3.67416,0.259965,0.403013,0.77764,0.351202,1.87018,0.520546,0.464245,0.585874,0.033448,0.5
1,116,0.470251,0.923997,0.007496,4.92984,0.112914,0.022697,0.345042,0.109861,0.036401,0.186629,1.03014,0.055465,0.143056,0.257045,0.378625,0.020282,0.319538,0.684944,0.123296,0.008209,0.73108,0.055305,1.86933,0.230165,0.537641,0.265306,0.106049,0.432329,0.007496,0.491098,0.265954,4.92984,0.09802,0.253773
2,202,0.47845,0.953394,0.00125,5.17096,0.117657,0.00125,0.347705,0.223281,0.246501,0.174002,0.529885,0.022213,0.16208,0.185576,0.415413,0.008765,0.524833,0.88073,0.123617,0.042385,0.737585,0.01717,1.70691,0.160969,0.624906,0.252365,0.025288,0.612725,0.060485,0.475604,0.195786,5.17096,0.135304,0.17154
3,288,0.508657,0.998451,0.003229,5.46656,0.12941,0.003229,0.357418,0.35298,0.604225,0.16405,0.071845,0.016288,0.181917,0.162866,0.446489,0.0074,0.678653,1.05258,0.123026,0.093845,0.738649,0.015172,1.48645,0.106882,0.687242,0.235688,0.277898,0.77794,0.134866,0.461096,0.1412,5.46656,0.179618,0.104224
