iteration,total_runs,mean,standard_deviation,min,max,0,1,2,3,4,5,6,7,8,9,10,11,12,13,14,15,16,17,18,19,base
0,21,0,0,0,0,0,0,0,0,0,0,0,0,0,0,0,0,0,0,0,0,0,0,0,0,0
1,138,1.06771,1.57021,0.017294,5.63085,4.43789,0.17761,0.352632,3.09435,0.309906,2.09571,0.047833,0.260549,0.0306979,0.166648,0.697811,0.017294,1.0158,0.196815,0.0263272,0.299647,0.0729793,1.30571,5.63085,2.03757,0.147282
2,255,1.41558,1.71521,0.0288141,5.7262,5.7262,0.460268,0.545788,4.02615,0.622432,3.42574,0.0801077,0.434522,0.0483121,0.441317,0.893391,0.0288141,1.5333,0.306248,0.0498638,0.862452,0.101926,2.70459,4.46549,2.75562,0.214665
3,372,1.85013,2.05324,0.0451458,6.89218,6.89218,0.852233,0.745391,4.97632,0.993371,4.90044,0.118279,0.668911,0.0693194,0.821663,1.0852,0.0451458,2.12779,0.429963,0.0771434,1.75016,0.130683,4.4066,3.88477,3.59754,0.279639
