iteration,total_runs,mean,standard_deviation,min,max,0,1,2,3,4,5,6,7,8,9,10,11,12,13,14,15,16,17,18,19,20,base
0,22,2.39971,3.03955,0.108671,12.2195,0.484258,2.43531,0.134505,0.445059,1.71992,1.32842,3.19424,4.79478,0.280132,8.63402,0.267016,0.128924,12.2195,0.651189,4.37451,0.108671,1.77937,4.25995,3.03225,1.06912,0.952471,0.5
1,140,1.17788,1.30726,0.00501942,4.43068,0.258516,0.652695,0.00501942,0.301082,1.596,0.934649,2.78314,4.43068,0.211178,3.09575,0.130088,0.0612341,0.0389801,0.454817,2.33412,0.0951815,0.630492,3.64362,2.03458,0.964971,0.92939,0.327249
2,258,1.0089,1.18657,0.00285552,4.1405,0.163636,0.371737,0.00285552,0.260905,1.50836,0.743986,2.44137,4.1405,0.183352,2.80806,0.078371,0.0381923,0.0333146,0.351066,1.71544,0.0861823,0.510529,3.28958,1.41859,0.907952,0.905055,0.236816
3,376,0.866154,1.08113,0.00191255,3.80903,0.10766,0.240345,0.00191255,0.23333,1.41628,0.570742,2.06531,3.80903,0.173087,2.62552,0.048167,0.0243589,0.0286847,0.266014,1.19416,0.0795955,0.432107,2.99206,0.832521,0.868635,0.881635,0.164228
