iteration,total_runs,mean,standard_deviation,min,max,0,1,2,3,4,5,6,7,8,9,10,11,12,13,14,15,16,17,18,19
0,20,0,0,0,0,0,0,0,0,0,0,0,0,0,0,0,0,0,0,0,0,0,0,0,0
1,136,1.71803,3.98141,0.00383237,17.4809,0.0451024,0.0265462,0.0211275,0.307688,0.890615,0.722498,0.436856,0.211568,6.01892,0.315506,17.4809,0.0742407,0.780959,3.35974,0.49525,0.00383237,0.959188,0.249284,1.876,0.0848856
2,252,2.07378,3.85234,0.00787283,16.654,0.112265,0.045963,0.0407255,0.414897,2.46205,0.893349,1.03144,0.395243,6.2963,0.454952,16.654,0.16397,0.816256,4.25412,1.06241,0.00787283,1.07384,0.550978,4.59431,0.150591
3,368,2.50144,3.91634,0.0126396,16.0677,0.208097,0.0672079,0.0595844,0.533492,4.84009,1.01495,1.84202,0.582863,6.44071,0.557837,16.0677,0.268402,0.853769,4.93698,1.71183,0.0126396,1.22779,1.01055,7.5755,0.216763
