iteration,total_runs,mean,standard_deviation,min,max,0,1,2,3,4,5,6,7,8,9,10,11,12,13,14,15,16,17,18,19,20,21,22,23,24,25,26,27,28,base
0,0,0,0,0,0,0,0,0,0,0,0,0,0,0,0,0,0,0,0,0,0,0,0,0,0,0,0,0,0,0,0,0,,,
1,167,0.52703,0.546318,0.00592298,2.12196,1.38369,2.12196,1.28116,0.562282,0.0795425,0.581886,0.0340548,0.577575,0.948536,0.392228,0.0579965,0.609979,0.796666,0.0158818,0.00592298,1.39916,0.03643,0.676165,0.0841398,0.662805,0.0897339,0.022426,0.563962,0.9471,0.0134989,0.226513,0.0585183,,,
2,334,1.29823,1.3169,0.0146938,4.95325,4.33213,4.95325,1.82489,1.58025,0.238811,1.72636,0.101111,2.10505,2.847,1.13984,0.155064,1.4758,1.36475,0.0573654,0.0146938,2.38221,0.12506,1.9076,0.288522,1.74824,0.293139,0.0684118,1.17914,2.51697,0.0378661,0.459863,0.128866,,,
3,484,1.29823,1.3169,0.0146938,4.95325,4.33213,4.95325,1.82489,1.58025,0.238811,1.72636,0.101111,2.10505,2.847,1.13984,0.155064,1.4758,1.36475,0.0573654,0.0146938,2.38221,0.12506,1.9076,0.288522,1.74824,0.293139,0.0684118,1.17914,2.51697,0.0378661,0.459863,0.128866,,,
