iteration,total_runs,mean,standard_deviation,min,max,0,1,2,3,4,5,6,7,8,9,10,11,12,13,14,15,16,17,18,19,20,21,22,23,24,25,26
0,0,11.4106,24.7747,0.226099,126.702,7.9203,4.74289,1.05492,7.57347,1.51996,12.6464,0.597011,1.39809,40.1536,0.58823,126.702,1.82629,8.8265,27.8497,0.317567,6.107,3.85958,5.42507,4.14599,2.33345,2.9323,8.63703,0.226099,4.46286,5.27201,0.798633,20.1692
1,27,1.80392,1.58255,0.0361866,6.39942,5.00014,3.21643,0.756995,2.19393,1.26874,4.09789,0.351827,0.929994,3.22005,0.0642769,0.588357,1.75115,6.39942,2.40623,0.181616,1.5666,2.30101,2.10846,1.89678,1.53687,0.641987,0.565948,0.0361866,2.01876,3.01782,0.449304,0.138979
2,54,1.45705,1.35941,0.0235986,4.84856,4.50734,3.74564,0.646414,1.97708,1.05067,3.63254,0.293896,0.809603,2.41467,0.047372,0.464183,1.68592,4.84856,1.22211,0.135404,0.800264,1.72144,1.67888,1.46125,1.35648,0.516403,0.35525,0.0235986,1.06851,2.37014,0.434225,0.0725505
3,81,1.30268,1.41932,0.0209107,5.2198,5.0786,5.2198,0.56266,1.84282,0.817196,3.52939,0.253045,0.764733,1.47647,0.0399882,0.347025,1.64744,3.28387,0.799673,0.103745,0.535142,1.49783,1.55656,1.19144,1.20213,0.476428,0.270349,0.0209107,0.553778,1.60824,0.455501,0.037646
