iteration,total_runs,mean,standard_deviation,min,max,0,1,2,3,4,5,6,7,8,9,10,11,12,13,14,15,16,17,18,19,base
0,21,10.0633,27.809,0.000769,125.215,0.709325,0.507865,0.000769,5.98303,1.58697,7.22058,1.67333,0.232552,37.9859,1.43094,125.215,2.21746,0.810056,18.9337,2.34456,0.33332,1.53706,0.018376,1.79712,0.290498,0.5
1,138,0.782033,0.668117,0.003434,2.09357,0.476964,0.312394,0.030952,1.42313,1.4618,0.722324,1.81644,0.003434,0.465562,0.071842,1.00684,1.57546,0.589856,1.39861,2.09357,0.391901,1.61191,0.355394,0.385465,0.072045,0.156802
2,255,0.770442,0.648634,0.007232,1.92422,0.372104,0.297504,0.069785,1.37948,0.939304,0.429745,1.86051,0.007232,0.665572,0.06472,0.816565,1.43268,0.540821,1.06293,1.92422,0.40069,1.75297,0.536612,1.5492,0.02117,0.055469
3,372,0.820617,0.832627,0.00458,3.2245,0.290597,0.282285,0.100594,1.44534,0.406948,0.342004,1.82122,0.027362,0.772301,0.107073,0.668149,1.35385,0.527665,1.09611,1.80474,0.400525,1.87701,0.661844,3.2245,0.00458,0.018265
