iteration,total_runs,mean,standard_deviation,min,max,0,1,2,3,4,5,6,7,8,9,10,11,12,13,14,15,16,17,18,19
0,0,13.2794,28.4777,0.317567,126.702,7.9203,4.74289,1.05492,7.57347,1.51996,12.6464,0.597011,1.39809,40.1536,0.58823,126.702,1.82629,8.8265,27.8497,0.317567,6.107,3.85958,5.42507,4.14599,2.33345
1,116,1.95753,1.50508,0.0584901,5.73541,5.03421,2.96858,0.72919,2.10502,1.26067,3.75134,0.320923,0.899697,2.76995,0.0584901,0.898664,1.72833,5.73541,1.93544,0.17338,1.41693,2.19533,1.97797,1.67551,1.51553
2,216,1.95753,1.50508,0.0584901,5.73541,5.03421,2.96858,0.72919,2.10502,1.26067,3.75134,0.320923,0.899697,2.76995,0.0584901,0.898664,1.72833,5.73541,1.93544,0.17338,1.41693,2.19533,1.97797,1.67551,1.51553
3,316,1.95753,1.50508,0.0584901,5.73541,5.03421,2.96858,0.72919,2.10502,1.26067,3.75134,0.320923,0.899697,2.76995,0.0584901,0.898664,1.72833,5.73541,1.93544,0.17338,1.41693,2.19533,1.97797,1.67551,1.51553
