iteration,total_runs,mean,standard_deviation,min,max,0,1,2,3,4,5,6,7,8,9,10,11,12,13,14,15,16,17,18,19,base
0,21,1.67222,3.55875,0.07298,16.175,16.175,0.350344,0.372586,4.95685,0.27941,0.214553,1.76137,0.227938,0.07298,0.460981,0.31876,0.112645,0.546001,0.28397,0.14869,1.6416,0.674413,0.198788,2.14568,3.67416,0.5
1,138,0.377427,0.464855,0.000562,2.02267,0.600296,0.009113,0.355716,0.612866,0.07712,0.05218,0.99178,0.000562,0.54468,0.418769,0.208132,0.093557,0.08845,0.282704,0.34141,0.01418,0.740762,0.138916,2.02267,0.078329,0.253773
2,255,0.393088,0.447023,0.026585,1.95051,0.946994,0.105082,0.419049,0.377632,0.026585,0.196201,0.466861,0.081217,0.79417,0.38818,0.16165,0.089577,0.123773,0.557321,0.401245,0.040165,0.773284,0.107444,1.95051,0.08605,0.161857
3,372,0.447128,0.486678,0.004628,1.86214,1.26624,0.208433,0.552173,0.26893,0.004628,0.514025,0.046813,0.244341,1.01964,0.374425,0.14297,0.09113,0.16362,0.994265,0.461045,0.100277,0.804256,0.088084,1.86214,0.08849,0.09376
