iteration,total_runs,mean,standard_deviation,min,max,0,1,2,3,4,5,6,7,8,9,10,11,12,13,14,15,16,17,18,19,base
0,21,2.93985,2.55786,0.0688458,8.42438,8.42438,2.4027,1.50686,4.73746,1.22642,3.60007,8.16142,2.5737,4.49132,3.52889,0.881238,0.113896,5.98974,2.68265,0.350051,5.07331,0.0688458,0.389418,0.54662,4.48793,0.5
1,121,2.93985,2.55786,0.0688458,8.42438,8.42438,2.4027,1.50686,4.73746,1.22642,3.60007,8.16142,2.5737,4.49132,3.52889,0.881238,0.113896,5.98974,2.68265,0.350051,5.07331,0.0688458,0.389418,0.54662,4.48793,0.5
2,221,2.93985,2.55786,0.0688458,8.42438,8.42438,2.4027,1.50686,4.73746,1.22642,3.60007,8.16142,2.5737,4.49132,3.52889,0.881238,0.113896,5.98974,2.68265,0.350051,5.07331,0.0688458,0.389418,0.54662,4.48793,0.5
3,321,2.93985,2.55786,0.0688458,8.42438,8.42438,2.4027,1.50686,4.73746,1.22642,3.60007,8.16142,2.5737,4.49132,3.52889,0.881238,0.113896,5.98974,2.68265,0.350051,5.07331,0.0688458,0.389418,0.54662,4.48793,0.5
