iteration,total_runs,mean,standard_deviation,min,max,0,1,2,3,4,5,6,7,8,9,10,11,12,13,14,15,16,17,18,19,base
0,21,1.67222,3.55875,0.07298,16.175,16.175,0.350344,0.372586,4.95685,0.27941,0.214553,1.76137,0.227938,0.07298,0.460981,0.31876,0.112645,0.546001,0.28397,0.14869,1.6416,0.674413,0.198788,2.14568,3.67416,0.5
1,98,0.37715,0.464648,0.000628,2.02267,0.595514,0.009248,0.35597,0.610816,0.076705,0.052477,0.990513,0.000628,0.545557,0.41993,0.208325,0.093256,0.089009,0.283609,0.34141,0.013978,0.740762,0.138916,2.02267,0.07709,0.253773
2,175,0.392867,0.446856,0.026384,1.95051,0.944712,0.105561,0.419049,0.374893,0.026384,0.197864,0.464084,0.082025,0.79417,0.387805,0.160929,0.089577,0.12389,0.558545,0.40221,0.040661,0.773284,0.106945,1.95051,0.085252,0.161857
3,252,0.447556,0.487072,0.004628,1.86214,1.26624,0.209108,0.553397,0.267989,0.004628,0.516893,0.045625,0.244341,1.02106,0.374288,0.142409,0.09113,0.16362,0.99829,0.462082,0.10084,0.804256,0.088084,1.86214,0.08849,0.09376
