iteration,total_runs,mean,standard_deviation,min,max,0,1,2,3,4,5,6,7,8,9,10,11,12,13,14,15,16,17,18,19
0,20,12.7223,31.4606,0.0255267,136.183,0.364351,0.177556,0.170855,2.10956,6.8351,5.1601,3.10165,0.952545,50.7052,2.43524,136.183,0.558798,0.273163,24.996,3.36785,0.0255267,0.637476,2.0177,13.7863,0.588494
1,136,1.43186,2.43117,0.0195415,9.97456,0.21203,0.0959297,0.0560353,0.535966,5.63493,0.582896,2.71059,0.448201,0.17263,0.270545,1.01546,0.430313,0.182929,1.60611,2.95139,0.0195415,0.585082,0.875383,9.97456,0.276602
2,252,1.13033,1.90502,0.0174069,7.51068,0.14817,0.0881678,0.0322354,0.491618,4.64565,0.467298,2.5978,0.352947,0.108407,0.0652537,0.838612,0.410581,0.16039,0.635106,2.66204,0.0174069,0.543441,0.645011,7.51068,0.185693
3,368,0.977773,1.66041,0.0154816,6.62844,0.103019,0.0815416,0.025955,0.456408,3.7111,0.425035,2.50778,0.309976,0.0885111,0.019886,0.709081,0.399724,0.144767,0.390732,2.36859,0.0154816,0.510285,0.516945,6.62844,0.142219
