iteration,total_runs,mean,standard_deviation,min,max,0,1,2,3,4,5,6,7,8,9,10,11,12,13,14,15,16,17,18,19,base
0,21,2.93985,2.55786,0.0688458,8.42438,8.42438,2.4027,1.50686,4.73746,1.22642,3.60007,8.16142,2.5737,4.49132,3.52889,0.881238,0.113896,5.98974,2.68265,0.350051,5.07331,0.0688458,0.389418,0.54662,4.48793,0.5
1,98,1.45322,1.56851,0.0487027,6.70101,0.265811,0.937674,0.864727,1.67632,0.920793,2.58233,6.70101,1.51018,2.04924,3.28177,0.648953,0.108068,3.51896,1.13117,0.16841,1.9013,0.0487027,0.359216,0.496086,1.09304,0.253773
2,175,1.18878,1.31733,0.0399076,5.44058,0.107875,0.651077,0.620695,1.49417,0.804328,2.04413,5.44058,1.13982,1.61106,3.03173,0.521665,0.104104,3.02768,0.558922,0.136332,1.59755,0.0399076,0.344271,0.467712,1.05896,0.161857
3,252,0.986967,1.05505,0.0324263,3.89991,0.0464884,0.530373,0.411141,1.39689,0.724548,1.66336,3.89991,0.934051,1.31597,2.7648,0.42847,0.100145,2.78963,0.219423,0.111084,1.47992,0.0324263,0.335926,0.43409,1.01389,0.09376
