iteration,total_runs,mean,standard_deviation,min,max,0,1,2,3,4,5,6,7,8,9,10,11,12,13,base
0,15,0,0,0,0,0,0,0,0,0,0,0,0,0,0,0,0,0,0,0
1,126,1.17645,2.78594,0.0327082,11.0384,11.0384,0.105555,0.0936034,0.50551,0.624284,0.833922,0.20057,0.67353,0.112083,0.626902,0.220711,0.125741,2.28521,0.0327082,0.168123
2,237,1.77415,3.32216,0.0668397,13.093,13.093,0.198038,0.292409,0.857905,1.28071,1.58269,0.525348,1.21879,0.223095,1.33044,0.704989,0.281407,4.58189,0.0668397,0.374709
3,348,2.56161,4.09414,0.118018,15.632,15.632,0.270325,0.583497,1.39429,1.91835,2.25508,1.16101,1.6856,0.353553,2.47878,1.3487,0.516616,8.03766,0.118018,0.670605
