iteration,total_runs,mean,standard_deviation,min,max,0,1,2,3,4,5,6,7,8,9,10,11,12,13,14,15,16,17,18,19,20,21,22,23,24,25,26,27,28,base
0,0,1.02588,2.17852,0.016925,11.7688,0.059866,1.07867,4.35168,0.413092,0.639626,0.587185,0.226196,0.801005,0.077797,1.17022,0.44145,0.36865,11.7688,0.591226,0.860296,0.471376,0.75016,0.144625,1.20387,0.44098,1.3261,0.019016,0.289925,0.410497,0.169481,0.112528,0.209809,0.712036,0.016925,1.06333
1,126,0.520152,0.646813,0.010628,3.46669,0.760042,0.031345,0.137429,0.334069,0.669825,0.636242,0.222865,0.553705,0.03528,0.779666,0.297565,0.181738,3.46669,0.633674,0.897664,0.799013,0.682058,0.695293,0.982489,0.232866,1.17975,0.010628,0.03609,0.045685,0.18577,0.09881,0.082757,0.413653,0.345425,0.176488
2,226,0.520152,0.646813,0.010628,3.46669,0.760042,0.031345,0.137429,0.334069,0.669825,0.636242,0.222865,0.553705,0.03528,0.779666,0.297565,0.181738,3.46669,0.633674,0.897664,0.799013,0.682058,0.695293,0.982489,0.232866,1.17975,0.010628,0.03609,0.045685,0.18577,0.09881,0.082757,0.413653,0.345425,0.176488
3,326,0.520152,0.646813,0.010628,3.46669,0.760042,0.031345,0.137429,0.334069,0.669825,0.636242,0.222865,0.553705,0.03528,0.779666,0.297565,0.181738,3.46669,0.633674,0.897664,0.799013,0.682058,0.695293,0.982489,0.232866,1.17975,0.010628,0.03609,0.045685,0.18577,0.09881,0.082757,0.413653,0.345425,0.176488
