iteration,total_runs,mean,standard_deviation,min,max,0,1,2,3,4,5,6,7,8,9,10,11,12,13,14,15,16,17,18,19,base
0,21,1.67222,3.55875,0.07298,16.175,16.175,0.350344,0.372586,4.95685,0.27941,0.214553,1.76137,0.227938,0.07298,0.460981,0.31876,0.112645,0.546001,0.28397,0.14869,1.6416,0.674413,0.198788,2.14568,3.67416,0.5
1,138,0.390715,0.474197,0.000125,2.03065,0.744365,0.004616,0.351112,0.699652,0.084773,0.050221,1.03641,0.000125,0.512613,0.421664,0.211873,0.094393,0.087418,0.264857,0.330721,0.022193,0.737269,0.141525,2.03065,0.113384,0.265189
2,255,0.39877,0.455089,0.028714,1.95442,1.06916,0.097421,0.412282,0.405938,0.028714,0.183989,0.49348,0.072593,0.775805,0.390085,0.162466,0.089577,0.119268,0.53348,0.395905,0.034081,0.77081,0.108797,1.95442,0.108989,0.166916
3,372,0.39877,0.455089,0.028714,1.95442,1.06916,0.097421,0.412282,0.405938,0.028714,0.183989,0.49348,0.072593,0.775805,0.390085,0.162466,0.089577,0.119268,0.53348,0.395905,0.034081,0.77081,0.108797,1.95442,0.108989,0.166916
