iteration,total_runs,mean,standard_deviation,min,max,0,1,2,3,4,5,6,7,8,9,10,11,12,13,14,base
0,16,3.8041,3.36279,0.0203041,11.7323,11.7323,7.42165,6.32521,4.21718,0.666151,4.42998,0.218118,5.74216,5.42597,2.78153,0.328934,6.09967,4.77261,0.183776,0.0203041,0.5
1,128,2.49539,2.46708,0.0124367,8.58269,8.58269,4.39284,0.619044,3.36157,0.570019,3.76851,0.173582,5.31676,4.96603,2.53475,0.193433,2.39242,2.54461,0.163871,0.0124367,0.33365
2,228,2.49539,2.46708,0.0124367,8.58269,8.58269,4.39284,0.619044,3.36157,0.570019,3.76851,0.173582,5.31676,4.96603,2.53475,0.193433,2.39242,2.54461,0.163871,0.0124367,0.33365
3,328,2.49539,2.46708,0.0124367,8.58269,8.58269,4.39284,0.619044,3.36157,0.570019,3.76851,0.173582,5.31676,4.96603,2.53475,0.193433,2.39242,2.54461,0.163871,0.0124367,0.33365
