iteration,total_runs,mean,standard_deviation,min,max,0,1,2,3,4,5,6,7,8,9,10,11,12,13,14,15,16,17,18,19,base
0,21,3.4902,8.8926,0.127592,41.6063,5.23075,0.293418,0.244325,5.22325,0.434641,2.49893,1.33907,3.46167,0.127592,0.178781,1.22556,0.228485,1.91103,0.34481,1.4065,0.275441,0.874981,1.28349,41.6063,4.60532,0.5
1,138,0.565988,0.629247,0.014116,2.61758,0.703888,0.141005,0.986004,0.014116,0.14285,0.63304,1.02083,2.61758,0.267442,0.094565,0.033104,0.467924,0.456634,1.00816,1.62003,0.018856,0.444938,0.444853,0.514489,0.12116,0.13429
2,255,0.62203,0.709638,0.006562,2.40732,1.23644,0.092266,1.29382,0.006562,0.091381,0.171541,0.957402,2.40732,0.285885,0.058565,0.03364,0.533305,0.18853,1.29921,1.75017,0.245988,0.355261,0.216829,1.68317,0.07937,0.075973
3,372,0.721269,0.920519,0.007652,3.23486,1.6497,0.08585,1.59738,0.071677,0.064601,0.007652,0.885565,2.17475,0.312784,0.033273,0.052153,0.573725,0.049549,1.5457,1.85128,0.510661,0.290597,0.077905,3.23486,0.03826,0.038729
