iteration,total_runs,mean,standard_deviation,min,max,0,1,2,3,4,5,6,7,8,9,10,11,12,13,14,15,16,17,18,19,base
0,21,12.1403,30.7798,0.0255267,136.183,0.364351,0.177556,0.170855,2.10956,6.8351,5.1601,3.10165,0.952545,50.7052,2.43524,136.183,0.558798,0.273163,24.996,3.36785,0.0255267,0.637476,2.0177,13.7863,0.588494,0.5
1,138,1.37631,2.39008,0.019512,9.99383,0.212875,0.099159,0.0570323,0.536792,5.63954,0.600644,2.71659,0.450799,0.186122,0.279509,0.93793,0.430793,0.185646,1.6715,2.96897,0.019512,0.585612,0.886449,9.99383,0.286374,0.156802
2,255,1.09197,1.89922,0.0175256,7.64511,0.152044,0.0912847,0.0332134,0.493972,4.69331,0.473648,2.60315,0.357283,0.113069,0.0712088,0.795221,0.411423,0.162569,0.673646,2.68853,0.0175256,0.545443,0.659183,7.64511,0.195026,0.055469
3,372,0.945856,1.65814,0.0158337,6.73444,0.107392,0.0841145,0.026333,0.460234,3.78967,0.429213,2.51212,0.314675,0.0901504,0.0226356,0.687414,0.401514,0.146659,0.416558,2.41513,0.0158337,0.514229,0.5286,6.73444,0.147782,0.018265
