iteration,total_runs,mean,standard_deviation,min,max,0,1,2,3,4,5,6,7,8,9,10,11,12,13,14,base
0,16,0,0,0,0,0,0,0,0,0,0,0,0,0,0,0,0,0,0,0,0
1,128,0.594095,0.989988,0.0276609,3.53371,0.0678031,0.517753,0.0369643,0.0972892,0.212311,0.18984,0.381261,0.661093,0.0293052,2.43773,0.0775546,0.0276609,3.53371,0.18104,0.96044,0.0937659
2,228,0.594095,0.989988,0.0276609,3.53371,0.0678031,0.517753,0.0369643,0.0972892,0.212311,0.18984,0.381261,0.661093,0.0293052,2.43773,0.0775546,0.0276609,3.53371,0.18104,0.96044,0.0937659
3,328,0.594095,0.989988,0.0276609,3.53371,0.0678031,0.517753,0.0369643,0.0972892,0.212311,0.18984,0.381261,0.661093,0.0293052,2.43773,0.0775546,0.0276609,3.53371,0.18104,0.96044,0.0937659
