iteration,total_runs,mean,standard_deviation,min,max,0,1,2,3,4,5,6,7,8,9,10,11,12,13,14,15,16,17,18,19,20,21,22,23,24,25,26,27,28,base
0,30,0,0,0,0,0,0,0,0,0,0,0,0,0,0,0,0,0,0,0,0,0,0,0,0,0,0,0,0,0,0,0,0,0,0
1,156,0.822577,1.1522,0.00305514,3.91327,3.91327,0.365612,0.0867551,3.54237,0.801339,0.00305514,1.39471,0.144161,0.176645,0.189184,0.0168059,0.0415201,3.86866,0.865563,0.00592887,0.823192,0.0370173,0.174744,0.388987,0.788377,0.480892,0.0313535,1.31261,2.51168,1.25264,0.00553065,0.0659763,1.00071,0.248852,0.139158
2,282,1.34691,1.76535,0.00605319,7.09196,3.77818,0.613252,0.157527,5.05104,1.47511,0.00605319,3.18437,0.309407,0.375478,0.410841,0.0333791,0.09216,7.09196,1.83092,0.016587,1.09106,0.119168,0.380222,0.935909,1.04978,1.10322,0.0593887,2.86165,4.53106,1.83006,0.0124187,0.135926,1.15229,0.441763,0.277256
3,408,2.01191,2.54732,0.0100463,10.1469,3.72436,0.843935,0.26096,6.66204,2.27171,0.0100463,5.91341,0.544085,0.700103,0.715781,0.0540856,0.160176,10.1469,3.38022,0.035135,1.29716,0.256794,0.669587,1.90666,1.36055,2.02902,0.105314,5.08478,6.93043,2.55828,0.0227027,0.221213,1.30602,0.719209,0.466489
