iteration,total_runs,mean,standard_deviation,min,max,0,1,2,3,4,5,6,7,8,9,10,11,12,13,base
0,15,1.77556,4.16973,0.07298,16.175,16.175,0.350344,0.372586,4.95685,0.27941,0.214553,1.76137,0.227938,0.07298,0.460981,0.31876,0.112645,0.546001,0.28397,0.5
1,126,0.458362,0.711916,0.005594,2.60021,0.422269,0.052393,0.301709,2.60021,0.005594,0.087449,1.5575,0.024929,0.150937,0.745258,0.151733,0.123569,0.101474,0.302101,0.248305
2,237,0.564886,0.822399,0.006713,3.21298,0.55045,0.006713,0.247952,3.21298,0.198788,0.447385,1.42925,0.263849,0.221069,0.979021,0.070313,0.12938,0.266705,0.309044,0.140386
3,348,0.672101,0.800297,0.001282,3.18431,0.688914,0.001282,0.194905,3.18431,0.591149,0.985157,1.25717,0.603385,0.300474,1.17978,0.113186,0.15337,0.449297,0.318565,0.060581
