iteration,total_runs,mean,standard_deviation,min,max,0,1,2,3,4,5,6,7,8,9,10,11,12,13,14,15,16,17,18,19,20,base
0,22,0,0,0,0,0,0,0,0,0,0,0,0,0,0,0,0,0,0,0,0,0,0,0,0,0,0
1,140,0.613601,0.646887,0.00697521,2.48636,1.40372,2.48636,1.46215,0.564588,0.0773327,0.581839,0.0371615,0.552266,1.01729,0.405853,0.0647691,0.581782,0.871067,0.0139254,0.00697521,1.52017,0.0319991,0.746249,0.0804889,0.782334,0.0999104,0.111
2,240,0.613601,0.646887,0.00697521,2.48636,1.40372,2.48636,1.46215,0.564588,0.0773327,0.581839,0.0371615,0.552266,1.01729,0.405853,0.0647691,0.581782,0.871067,0.0139254,0.00697521,1.52017,0.0319991,0.746249,0.0804889,0.782334,0.0999104,0.111
3,340,0.613601,0.646887,0.00697521,2.48636,1.40372,2.48636,1.46215,0.564588,0.0773327,0.581839,0.0371615,0.552266,1.01729,0.405853,0.0647691,0.581782,0.871067,0.0139254,0.00697521,1.52017,0.0319991,0.746249,0.0804889,0.782334,0.0999104,0.111
