iteration,total_runs,mean,standard_deviation,min,max,0,1,2,3,4,5,6,7,8,9,10,11,12,13,14,15,16,17,18,19
0,20,0,0,0,0,0,0,0,0,0,0,0,0,0,0,0,0,0,0,0,0,0,0,0,0
1,136,0.59667,0.915759,0.021295,3.72072,0.0680909,0.576319,0.040127,0.0826115,0.190737,0.192787,0.313323,0.483441,0.021295,2.39184,0.0810644,0.0307992,3.72072,0.175349,1.06991,0.75303,0.400772,0.439707,0.788292,0.113187
2,252,0.912284,1.0533,0.0421997,3.86418,0.139309,0.845407,0.0421997,0.14753,0.564541,0.436251,0.943977,1.39112,0.046747,3.30778,0.121091,0.051306,3.86418,0.280108,1.83092,0.771096,0.612527,1.14639,1.38723,0.315986
3,368,1.31499,1.33029,0.0444851,4.44442,0.211317,1.11658,0.0444851,0.232147,1.13002,0.751225,1.82215,2.69955,0.0702191,4.44442,0.165547,0.0742054,3.983,0.412634,2.82973,0.796132,0.878687,2.11166,2.13566,0.390398
