iteration,total_runs,mean,standard_deviation,min,max,0,1,2,3,4,5,6,7,8,9,10,11,12,13,14,15,16,17,18,19,20,21,22,23,24,25,26,27,28,base
0,30,0,0,0,0,0,0,0,0,0,0,0,0,0,0,0,0,0,0,0,0,0,0,0,0,0,0,0,0,0,0,0,0,0,0
1,156,0.459693,0.666818,0.0181102,3.23967,0.0559935,0.496681,0.0349611,0.0689326,0.151393,0.159152,0.242686,0.372575,0.0181102,2.06525,0.0705471,0.0265584,3.23967,0.151074,0.923872,0.750383,0.344311,0.340129,0.682961,0.0890736,0.113714,0.74449,0.139512,0.192347,0.270113,0.209892,0.57059,0.430292,0.747368,0.0881422
2,282,0.817462,0.867364,0.0382096,3.42716,0.128728,0.81419,0.0382096,0.136231,0.481048,0.400359,0.799036,1.16496,0.0455794,3.24093,0.123184,0.0521834,3.42716,0.283716,1.79286,0.766872,0.595825,0.977915,1.43491,0.288444,0.28062,2.19319,0.239873,0.466051,0.616871,0.375855,1.09728,0.799195,1.26733,0.195257
3,408,1.28846,1.23408,0.0411078,4.67533,0.211891,1.13716,0.0411078,0.234169,1.09123,0.76062,1.7538,2.6113,0.0764739,4.67533,0.176692,0.0820178,3.5823,0.442126,2.92705,0.794429,0.918482,2.0418,2.38673,0.357964,0.552818,3.97457,0.347719,0.757198,1.09784,0.623276,1.80585,1.19805,1.6563,0.337492
