iteration,total_runs,mean,standard_deviation,min,max,0,1,2,3,4,5,6,7,8,9,10,11,12,13,14,15,16,17,18,19,20,21,22,23,24,25,26
0,0,2.89953,2.92228,0.0203041,11.7323,11.7323,7.42165,6.32521,4.21718,0.666151,4.42998,0.218118,5.74216,5.42597,2.78153,0.328934,6.09967,4.77261,0.183776,0.0203041,2.34057,0.412965,4.09199,0.835635,2.27642,0.517759,0.19147,2.70887,3.36114,0.0578455,0.926726,0.200341
1,167,1.89649,2.084,0.011568,8.58139,8.58139,3.99003,0.716772,3.45503,0.584214,3.85224,0.162717,5.26526,5.01739,2.57488,0.195068,2.92237,2.66676,0.166578,0.011568,1.29971,0.361804,2.57997,0.692105,1.48247,0.436176,0.162885,1.03788,2.14604,0.0495891,0.709054,0.0852979
2,334,1.5955,1.9111,0.00820277,7.85184,7.85184,3.65229,0.458774,3.13073,0.541905,3.52293,0.149671,4.79169,4.54576,1.67229,0.138409,1.75892,2.53744,0.15434,0.00820277,1.06567,0.321915,2.11309,0.577423,1.01724,0.371793,0.142279,0.343053,1.49667,0.0455463,0.609407,0.0593369
3,484,1.5955,1.9111,0.00820277,7.85184,7.85184,3.65229,0.458774,3.13073,0.541905,3.52293,0.149671,4.79169,4.54576,1.67229,0.138409,1.75892,2.53744,0.15434,0.00820277,1.06567,0.321915,2.11309,0.577423,1.01724,0.371793,0.142279,0.343053,1.49667,0.0455463,0.609407,0.0593369
