iteration,total_runs,mean,standard_deviation,min,max,0,1,2,3,4,5,6,7,8,9,10,11,12,13,14,15,16,17,18,19,20,21,22,23,24,25,26,27,28,base
0,30,0,0,0,0,0,0,0,0,0,0,0,0,0,0,0,0,0,0,0,0,0,0,0,0,0,0,0,0,0,0,0,0,0,0
1,156,0.00679184,0.00960438,2.45112e-05,0.0323206,0.0323206,0.00230958,0.000735704,0.0297611,0.00638651,2.45112e-05,0.0117248,0.00100401,0.00130543,0.00143781,0.000139541,0.000248753,0.0318187,0.00725732,2.51871e-05,0.00690205,9.5137e-05,0.00130638,0.00326185,0.00632036,0.00370007,0.000260432,0.0100265,0.021063,0.00990212,4.50486e-05,0.000502241,0.0106113,0.00208884,0.00117041
2,282,0.597598,0.818328,0.00239019,2.97592,2.42269,0.22455,0.0702676,2.4845,0.612693,0.00239019,1.15834,0.0988841,0.124973,0.141402,0.0132619,0.0239589,2.97592,0.696064,0.00278182,0.589013,0.0127231,0.128354,0.324039,0.526754,0.364015,0.0247494,0.991599,1.91619,0.856602,0.00440867,0.0483138,0.782234,0.193833,0.112434
3,408,2.35861,2.9452,0.0136369,10.8941,2.97357,0.919858,0.366286,7.2771,3.08374,0.0136369,8.51325,0.65653,0.815191,0.962044,0.0766935,0.184035,10.8941,4.50143,0.0346984,1.58248,0.250325,0.846385,2.5812,1.49563,2.28696,0.135543,6.6872,7.76593,2.71376,0.0314982,0.311415,1.19319,0.941339,0.663155
