iteration,total_runs,mean,standard_deviation,min,max,0,1,2,3,4,5,6,7,8,9,10,11,12,13,14,15
0,0,3.91913,3.27249,0.0203041,11.7323,11.7323,7.42165,6.32521,4.21718,0.666151,4.42998,0.218118,5.74216,5.42597,2.78153,0.328934,6.09967,4.77261,0.183776,0.0203041,2.34057
