iteration,total_runs,mean,standard_deviation,min,max,0,1,2,3,4,5,6,7,8,9,10,11,12,13,14,15,16,17,18,19,20,21,22,23,24,25,26,27,28,base
0,30,2.78095,2.7951,0.0203041,11.7323,11.7323,7.42165,6.32521,4.21718,0.666151,4.42998,0.218118,5.74216,5.42597,2.78153,0.328934,6.09967,4.77261,0.183776,0.0203041,2.34057,0.412965,4.09199,0.835635,2.27642,0.517759,0.19147,2.70887,3.36114,0.0578455,0.926726,0.200341,1.81398,2.26404,1.06333
1,156,1.78199,1.97661,0.011784,8.42099,8.42099,3.92196,0.68911,3.48638,0.590633,3.85767,0.154187,5.17712,5.02738,2.47559,0.189599,2.93658,2.6351,0.166074,0.011784,1.26019,0.359871,2.54641,0.688286,1.42312,0.428795,0.162126,1.06007,2.09999,0.049342,0.716946,0.0843432,1.38538,1.27824,0.176488
2,256,1.78199,1.97661,0.011784,8.42099,8.42099,3.92196,0.68911,3.48638,0.590633,3.85767,0.154187,5.17712,5.02738,2.47559,0.189599,2.93658,2.6351,0.166074,0.011784,1.26019,0.359871,2.54641,0.688286,1.42312,0.428795,0.162126,1.06007,2.09999,0.049342,0.716946,0.0843432,1.38538,1.27824,0.176488
3,356,1.78199,1.97661,0.011784,8.42099,8.42099,3.92196,0.68911,3.48638,0.590633,3.85767,0.154187,5.17712,5.02738,2.47559,0.189599,2.93658,2.6351,0.166074,0.011784,1.26019,0.359871,2.54641,0.688286,1.42312,0.428795,0.162126,1.06007,2.09999,0.049342,0.716946,0.0843432,1.38538,1.27824,0.176488
