iteration,total_runs,mean,standard_deviation,min,max,0,1,2,3,4,5,6,7,8,9,10,11,12,13,14,15,16,17,18,19,20,21,22,23,24,25,26
0,0,9.14761,24.6951,0.000769,125.215,0.709325,0.507865,0.000769,5.98303,1.58697,7.22058,1.67333,0.232552,37.9859,1.43094,125.215,2.21746,0.810056,18.9337,2.34456,0.33332,1.53706,0.018376,1.79712,0.290498,1.57654,8.93099,0.435241,1.04173,3.20344,0.275965,20.6928
1,123,0.514659,0.67654,0.00754,3.12699,0.295225,0.042692,0.048082,0.165857,1.74387,0.067225,1.42365,0.036205,0.643913,0.584,0.119673,0.151178,0.329353,3.12699,0.993173,0.017384,0.142325,0.168593,0.435682,0.427816,0.00754,0.151189,0.260165,0.379633,0.65602,0.822929,0.655429
2,246,0.528396,0.666576,0.000325,2.91857,0.218378,0.01097,0.075197,0.39385,1.84254,0.316962,1.28378,0.021269,0.706253,1.0978,0.49748,0.354385,0.404365,2.91857,0.579805,0.061322,0.000325,0.264533,0.223354,0.322825,0.011204,0.036413,0.288405,0.130781,0.057866,1.03169,1.11637
3,369,0.715205,0.879541,0.008633,3.26035,0.181961,0.016201,0.097522,0.576089,1.92908,0.627818,1.16286,0.015413,0.736525,1.53133,3.26035,0.487474,0.71413,3.02178,0.282285,0.099325,0.072922,0.355225,0.123777,0.198749,0.060941,0.008633,0.374042,0.020617,0.5945,1.15619,1.60479
