iteration,total_runs,mean,standard_deviation,min,max,0,1,2,3,4,5,6,7,8,9,10,11,12,13,14,15,16,17,18,19,20,base
0,0,0,0,0,0,0,0,0,0,0,0,0,0,0,0,0,0,0,0,0,0,0,0,0,0,0,
1,117,0.674946,0.685104,0.00730915,2.60414,1.5169,2.60414,1.54939,0.599941,0.0825878,0.618653,0.0397022,0.601636,1.07187,0.432085,0.0689181,0.633992,0.92952,0.0152718,0.00730915,1.55719,0.0346399,0.795723,0.0876794,0.820365,0.106368,
2,217,0.674946,0.685104,0.00730915,2.60414,1.5169,2.60414,1.54939,0.599941,0.0825878,0.618653,0.0397022,0.601636,1.07187,0.432085,0.0689181,0.633992,0.92952,0.0152718,0.00730915,1.55719,0.0346399,0.795723,0.0876794,0.820365,0.106368,
3,317,0.674946,0.685104,0.00730915,2.60414,1.5169,2.60414,1.54939,0.599941,0.0825878,0.618653,0.0397022,0.601636,1.07187,0.432085,0.0689181,0.633992,0.92952,0.0152718,0.00730915,1.55719,0.0346399,0.795723,0.0876794,0.820365,0.106368,
