iteration,total_runs,mean,standard_deviation,min,max,0,1,2,3,4,5,6,7,8,9,10,11,12,13,14
0,15,2.73945,3.53874,0.128924,12.2195,0.484258,2.43531,0.134505,0.445059,1.71992,1.32842,3.19424,4.79478,0.280132,8.63402,0.267016,0.128924,12.2195,0.651189,4.37451
1,126,1.18348,1.41066,0.00764707,4.39134,0.229855,0.657094,0.00764707,0.296672,1.61142,0.926323,2.83222,4.39134,0.202457,3.18134,0.140292,0.0561881,0.0845217,0.465058,2.6698
2,226,1.18348,1.41066,0.00764707,4.39134,0.229855,0.657094,0.00764707,0.296672,1.61142,0.926323,2.83222,4.39134,0.202457,3.18134,0.140292,0.0561881,0.0845217,0.465058,2.6698
3,326,1.18348,1.41066,0.00764707,4.39134,0.229855,0.657094,0.00764707,0.296672,1.61142,0.926323,2.83222,4.39134,0.202457,3.18134,0.140292,0.0561881,0.0845217,0.465058,2.6698
