iteration,total_runs,mean,standard_deviation,min,max,0,1,2,3,4,5,6,7,8,9,10,11,12,13,14,15,16,17,18,19,20,base
0,22,1.28513,2.499,0.059866,11.7688,0.059866,1.07867,4.35168,0.413092,0.639626,0.587185,0.226196,0.801005,0.077797,1.17022,0.44145,0.36865,11.7688,0.591226,0.860296,0.471376,0.75016,0.144625,1.20387,0.44098,1.3261,0.5
1,140,0.547342,0.601947,0.001325,2.91169,0.001325,0.103946,2.91169,0.368738,0.557765,0.328697,0.167833,0.906074,0.161345,0.4909,0.332361,0.516562,0.398186,0.456584,0.547252,0.461578,0.14596,0.337861,0.619748,0.53057,1.3693,0.327249
2,258,0.533174,0.622074,0.008138,2.96623,0.008138,0.062525,2.96623,0.366889,0.50594,0.221401,0.12469,0.862909,0.242045,0.507257,0.286722,0.594036,0.390052,0.39962,0.562445,0.472869,0.150853,0.448097,0.303965,0.577652,1.43868,0.236816
3,376,0.523312,0.634128,0.034946,2.97431,0.034946,0.078292,2.97431,0.366705,0.452776,0.136485,0.11897,0.746033,0.315176,0.477409,0.264197,0.6565,0.381305,0.362137,0.654821,0.48448,0.166208,0.500981,0.072725,0.608317,1.49585,0.164228
