iteration,total_runs,mean,standard_deviation,min,max,0,1,2,3,4,5,6,7,8,9,10,11,12,13,14,base
0,16,2.59949,3.46428,0.128924,12.2195,0.484258,2.43531,0.134505,0.445059,1.71992,1.32842,3.19424,4.79478,0.280132,8.63402,0.267016,0.128924,12.2195,0.651189,4.37451,0.5
1,128,1.14814,1.3919,0.00655299,4.41231,0.243839,0.715817,0.00655299,0.299599,1.61935,0.946075,2.85986,4.41231,0.206137,3.24268,0.142339,0.0588558,0.0921997,0.46993,2.72106,0.33365
2,228,1.14814,1.3919,0.00655299,4.41231,0.243839,0.715817,0.00655299,0.299599,1.61935,0.946075,2.85986,4.41231,0.206137,3.24268,0.142339,0.0588558,0.0921997,0.46993,2.72106,0.33365
3,328,1.14814,1.3919,0.00655299,4.41231,0.243839,0.715817,0.00655299,0.299599,1.61935,0.946075,2.85986,4.41231,0.206137,3.24268,0.142339,0.0588558,0.0921997,0.46993,2.72106,0.33365
