iteration,total_runs,mean,standard_deviation,min,max,0,1,2,3,4,5,6,7,8,9,10,11,12,13,14,15,16,17,18,19,20,21,22,23,24,25,26,27,28,base
0,30,0,0,0,0,0,0,0,0,0,0,0,0,0,0,0,0,0,0,0,0,0,0,0,0,0,0,0,0,0,0,0,0,0,0
1,102,0.822577,1.1522,0.00305514,3.91327,3.91327,0.365612,0.0867551,3.54237,0.801339,0.00305514,1.39471,0.144161,0.176645,0.189184,0.0168059,0.0415201,3.86866,0.865563,0.00592887,0.823192,0.0370173,0.174744,0.388987,0.788377,0.480892,0.0313535,1.31261,2.51168,1.25264,0.00553065,0.0659763,1.00071,0.248852,0.139158
2,147,0.822577,1.1522,0.00305514,3.91327,3.91327,0.365612,0.0867551,3.54237,0.801339,0.00305514,1.39471,0.144161,0.176645,0.189184,0.0168059,0.0415201,3.86866,0.865563,0.00592887,0.823192,0.0370173,0.174744,0.388987,0.788377,0.480892,0.0313535,1.31261,2.51168,1.25264,0.00553065,0.0659763,1.00071,0.248852,0.139158
3,192,0.822577,1.1522,0.00305514,3.91327,3.91327,0.365612,0.0867551,3.54237,0.801339,0.00305514,1.39471,0.144161,0.176645,0.189184,0.0168059,0.0415201,3.86866,0.865563,0.00592887,0.823192,0.0370173,0.174744,0.388987,0.788377,0.480892,0.0313535,1.31261,2.51168,1.25264,0.00553065,0.0659763,1.00071,0.248852,0.139158
