iteration,total_runs,mean,standard_deviation,min,max,0,1,2,3,4,5,6,7,8,9,10,11,12,13,14,15,16,17,18,19,base
0,21,2.93985,2.55786,0.0688458,8.42438,8.42438,2.4027,1.50686,4.73746,1.22642,3.60007,8.16142,2.5737,4.49132,3.52889,0.881238,0.113896,5.98974,2.68265,0.350051,5.07331,0.0688458,0.389418,0.54662,4.48793,0.5
1,138,1.45406,1.56966,0.0487027,6.70599,0.262633,0.937965,0.867132,1.67663,0.920433,2.58516,6.70599,1.51259,2.05141,3.28463,0.648986,0.108604,3.51799,1.13281,0.16841,1.90344,0.0487027,0.359216,0.496086,1.09278,0.253773
2,255,1.20669,1.33659,0.0406997,5.52308,0.0676759,0.668376,0.635294,1.5251,0.811077,2.09631,5.52308,1.16396,1.64245,3.05214,0.529153,0.104104,3.06302,0.608072,0.138602,1.62385,0.0406997,0.345216,0.469692,1.06465,0.167936
3,372,1.02423,1.09828,0.0321431,4.14077,0.0321431,0.554919,0.443147,1.43438,0.734017,1.76414,4.14077,0.96769,1.3671,2.81854,0.440891,0.100394,2.84249,0.296517,0.115677,1.51142,0.0342255,0.336699,0.439073,1.02774,0.106793
