iteration,total_runs,mean,standard_deviation,min,max,0,1,2,3,4,5,6,7,8,9,10,11,12,13,14,15,16,17,18,19,20,base
0,22,0,0,0,0,0,0,0,0,0,0,0,0,0,0,0,0,0,0,0,0,0,0,0,0,0,0
1,140,0.592522,0.99734,0.0178651,4.20435,0.0668788,0.633618,0.0453466,0.0850956,0.171647,0.191151,0.26513,0.407372,0.0178651,2.65819,0.0915197,0.033908,4.20435,0.193977,1.18185,0.751854,0.437312,0.374386,0.877858,0.0996915,0.13548,0.111
2,258,0.907145,1.16339,0.0407158,4.28641,0.135329,0.955192,0.0458353,0.154356,0.49425,0.420492,0.794808,1.16548,0.0407158,3.91566,0.1495,0.0601093,4.28641,0.342874,2.05699,0.767541,0.672899,1.00051,1.67434,0.29144,0.311331,0.221147
3,376,1.29994,1.46649,0.0476419,5.49758,0.202487,1.26415,0.0476419,0.239429,0.972915,0.707561,1.53071,2.24742,0.0631209,5.49758,0.210327,0.0897578,4.35377,0.526329,3.09405,0.788395,0.953022,1.86369,2.67135,0.345501,0.5725,0.356905
