iteration,total_runs,mean,standard_deviation,min,max,0,1,2,3,4,5,6,7,8,9,10,11,12,13,14,15,16,17,18,19,20,21,22,23,24,25,26,27,28,base
0,30,0,0,0,0,0,0,0,0,0,0,0,0,0,0,0,0,0,0,0,0,0,0,0,0,0,0,0,0,0,0,0,0,0,0
1,132,0.507599,0.701895,0.0195229,3.45218,0.0647359,0.557834,0.0378953,0.0684834,0.17361,0.183922,0.271965,0.377896,0.0195229,2.13768,0.0749131,0.0298006,3.45218,0.155666,1.03416,0.750206,0.38848,0.342889,0.759176,0.101556,0.111865,0.784307,0.151303,0.222085,0.30875,0.209055,0.580929,0.466917,0.80507,0.60511
2,234,0.884785,0.895594,0.0392518,3.60004,0.139945,0.892797,0.0392518,0.136058,0.528974,0.442034,0.854627,1.2009,0.0476575,3.32639,0.12835,0.0567969,3.60004,0.289244,1.97461,0.766963,0.656737,0.994264,1.55557,0.298849,0.279701,2.24413,0.255479,0.50927,0.669609,0.376577,1.1093,0.849219,1.3046,1.01561
3,336,1.37518,1.25582,0.041629,4.77915,0.222237,1.23368,0.041629,0.235521,1.18176,0.818728,1.83568,2.70306,0.0780326,4.77915,0.181893,0.0878668,3.72646,0.44783,3.19236,0.795386,0.997122,2.08307,2.54168,0.373084,0.554697,3.95924,0.365463,0.802675,1.16733,0.629651,1.82101,1.25455,1.65065,1.49376
