iteration,total_runs,mean,standard_deviation,min,max,0,1,2,3,4,5,6,7,8,9,10,11,12,13,14,15,16,17,18,19,base
0,21,2.93985,2.55786,0.0688458,8.42438,8.42438,2.4027,1.50686,4.73746,1.22642,3.60007,8.16142,2.5737,4.49132,3.52889,0.881238,0.113896,5.98974,2.68265,0.350051,5.07331,0.0688458,0.389418,0.54662,4.48793,0.5
1,138,1.45406,1.56966,0.0487027,6.70599,0.262633,0.937965,0.867132,1.67663,0.920433,2.58516,6.70599,1.51259,2.05141,3.28463,0.648986,0.108604,3.51799,1.13281,0.16841,1.90344,0.0487027,0.359216,0.496086,1.09278,0.253773
2,255,1.19019,1.31932,0.0399076,5.45067,0.107315,0.651024,0.620695,1.49571,0.806046,2.04684,5.45067,1.14148,1.61106,3.03376,0.523105,0.104104,3.03098,0.561038,0.136541,1.59899,0.0399076,0.345302,0.467712,1.05976,0.161857
3,372,0.987921,1.05635,0.0324263,3.9083,0.0464884,0.530124,0.412576,1.39837,0.724548,1.66674,3.9083,0.934051,1.31761,2.76659,0.42975,0.100145,2.78963,0.221286,0.111221,1.47883,0.0324263,0.335926,0.43409,1.01389,0.09376
