iteration,total_runs,mean,standard_deviation,min,max,0,1,2,3,4,5,6,7,8,9,10,11,12,13,14,15,16,17,18,19,20,21,22,23,24,25,26,27,28,base
0,30,0,0,0,0,0,0,0,0,0,0,0,0,0,0,0,0,0,0,0,0,0,0,0,0,0,0,0,0,0,0,0,0,0,0
1,156,0.822577,1.1522,0.00305514,3.91327,3.91327,0.365612,0.0867551,3.54237,0.801339,0.00305514,1.39471,0.144161,0.176645,0.189184,0.0168059,0.0415201,3.86866,0.865563,0.00592887,0.823192,0.0370173,0.174744,0.388987,0.788377,0.480892,0.0313535,1.31261,2.51168,1.25264,0.00553065,0.0659763,1.00071,0.248852,0.139158
2,282,1.32744,1.74383,0.00594093,7.02902,3.70782,0.602098,0.156166,4.98555,1.44645,0.00594093,3.14389,0.302041,0.366427,0.4023,0.0330341,0.0910584,7.02902,1.80568,0.0161365,1.07715,0.116035,0.372073,0.923607,1.0382,1.08132,0.0584512,2.80289,4.46543,1.79124,0.0123079,0.134754,1.14718,0.435434,0.273624
3,408,1.9412,2.4735,0.00952607,9.88875,3.59898,0.804134,0.255977,6.48648,2.15689,0.00952607,5.68552,0.51087,0.656005,0.675141,0.0526667,0.155799,9.88875,3.2413,0.0328712,1.26444,0.241625,0.630651,1.82768,1.3295,1.94587,0.100426,4.7976,6.78249,2.43042,0.0221358,0.217202,1.2953,0.691024,0.44867
