iteration,total_runs,mean,standard_deviation,min,max,0,1,2,3,4,5,6,7,8,9,10,11,12,13,14,15,16,17,18,19,base
0,21,0,0,0,0,0,0,0,0,0,0,0,0,0,0,0,0,0,0,0,0,0,0,0,0,0
1,98,0.585174,0.618503,0.00310586,2.36782,2.36782,0.522908,0.338071,0.995212,0.130523,0.483143,1.58034,0.408369,1.17819,0.106355,0.139654,0.00310586,1.17451,0.769082,0.0818446,0.884703,0.0150864,0.0170696,0.0980044,0.856737,0.137915
2,175,1.01816,1.01016,0.0109534,3.80913,1.90445,0.897232,0.710227,1.47288,0.259482,1.18949,3.80913,0.763728,2.4178,0.387779,0.289226,0.0109534,2.68676,1.59479,0.161615,1.27128,0.038377,0.0415811,0.249712,0.926651,0.29823
3,252,1.59733,1.78159,0.0242834,6.93204,1.65396,1.24602,1.17384,1.97221,0.401578,2.02038,6.93204,1.08686,4.21975,0.809393,0.462067,0.0242834,4.98995,2.50847,0.268168,1.57533,0.0763129,0.0744435,0.499226,1.04496,0.504649
