iteration,total_runs,mean,standard_deviation,min,max,0,1,2,3,4,5,6,7,8,9,10,11,12,13,14,15,16,17,18,19,20
0,0,1.32252,2.5544,0.059866,11.7688,0.059866,1.07867,4.35168,0.413092,0.639626,0.587185,0.226196,0.801005,0.077797,1.17022,0.44145,0.36865,11.7688,0.591226,0.860296,0.471376,0.75016,0.144625,1.20387,0.44098,1.3261
1,117,0.674862,0.686078,0.024349,3.32815,0.741077,0.024349,0.16186,0.333604,0.6772,0.677576,0.225296,0.576904,0.043394,0.73637,0.296237,0.215056,3.32815,0.627728,0.900793,0.796517,0.697369,0.721565,0.97577,0.241541,1.17375
2,217,0.674862,0.686078,0.024349,3.32815,0.741077,0.024349,0.16186,0.333604,0.6772,0.677576,0.225296,0.576904,0.043394,0.73637,0.296237,0.215056,3.32815,0.627728,0.900793,0.796517,0.697369,0.721565,0.97577,0.241541,1.17375
3,317,0.674862,0.686078,0.024349,3.32815,0.741077,0.024349,0.16186,0.333604,0.6772,0.677576,0.225296,0.576904,0.043394,0.73637,0.296237,0.215056,3.32815,0.627728,0.900793,0.796517,0.697369,0.721565,0.97577,0.241541,1.17375
