iteration,total_runs,mean,standard_deviation,min,max,0,1,2,3,4,5,6,7,8,9,10,11,12,13,14,15,16,17,18,19,20,21,22,23,24,25,26,27,28,base
0,30,1.34609,3.01115,0.033448,16.175,16.175,0.350344,0.372586,4.95685,0.27941,0.214553,1.76137,0.227938,0.07298,0.460981,0.31876,0.112645,0.546001,0.28397,0.14869,1.6416,0.674413,0.198788,2.14568,3.67416,0.259965,0.403013,0.77764,0.351202,1.87018,0.520546,0.464245,0.585874,0.033448,0.5
1,156,0.470251,0.923997,0.007496,4.92984,0.112914,0.022697,0.345042,0.109861,0.036401,0.186629,1.03014,0.055465,0.143056,0.257045,0.378625,0.020282,0.319538,0.684944,0.123296,0.008209,0.73108,0.055305,1.86933,0.230165,0.537641,0.265306,0.106049,0.432329,0.007496,0.491098,0.265954,4.92984,0.09802,0.253773
2,282,0.477981,0.954262,0.002069,5.1748,0.126221,0.002069,0.347785,0.217684,0.233234,0.174725,0.540205,0.023432,0.160669,0.187585,0.415048,0.008765,0.518897,0.876937,0.123617,0.039349,0.737585,0.018005,1.71058,0.163189,0.621629,0.252365,0.024202,0.608309,0.053794,0.475604,0.196549,5.1748,0.133897,0.172706
3,408,0.503079,0.997684,0.001145,5.46013,0.149032,0.001145,0.357226,0.337122,0.535721,0.164834,0.09425,0.016393,0.178594,0.164273,0.444805,0.007261,0.664817,1.04007,0.12402,0.085298,0.736381,0.01385,1.50253,0.11105,0.680356,0.237042,0.218485,0.766489,0.111602,0.461677,0.14324,5.46013,0.175729,0.108953
