iteration,total_runs,mean,standard_deviation,min,max,0,1,2,3,4,5,6,7,8,9,10,11,12,13,14,15,16,17,18,19,20,21,22,23,24,25,26,27,28,base
0,30,4.02166,4.58386,0.0153612,15.4764,15.0664,5.89219,0.383345,14.603,4.26651,0.0153612,4.95321,1.68211,1.95309,1.42551,0.0911697,1.03742,15.4764,3.02332,0.185653,3.62506,1.65778,1.45333,1.35878,6.53454,3.34367,0.114994,9.57595,8.77401,7.13346,0.0390691,0.784646,4.82835,0.871274,0.5
1,132,3.63705,3.95141,0.0148696,14.3546,11.2915,5.81322,0.368973,12.2356,4.10502,0.0148696,4.86157,1.65909,1.90731,1.39347,0.0882692,1.0237,14.3546,2.8681,0.184901,3.11791,1.65264,1.42679,1.34015,5.96154,3.26744,0.108298,9.41734,7.85064,6.50037,0.0385775,0.770812,4.21545,0.797114,0.476296
2,207,3.63705,3.95141,0.0148696,14.3546,11.2915,5.81322,0.368973,12.2356,4.10502,0.0148696,4.86157,1.65909,1.90731,1.39347,0.0882692,1.0237,14.3546,2.8681,0.184901,3.11791,1.65264,1.42679,1.34015,5.96154,3.26744,0.108298,9.41734,7.85064,6.50037,0.0385775,0.770812,4.21545,0.797114,0.476296
3,282,3.63705,3.95141,0.0148696,14.3546,11.2915,5.81322,0.368973,12.2356,4.10502,0.0148696,4.86157,1.65909,1.90731,1.39347,0.0882692,1.0237,14.3546,2.8681,0.184901,3.11791,1.65264,1.42679,1.34015,5.96154,3.26744,0.108298,9.41734,7.85064,6.50037,0.0385775,0.770812,4.21545,0.797114,0.476296
