iteration,total_runs,mean,standard_deviation,min,max,0,1,2,3,4,5,6,7,8,9,10,11,12,13,14,15,16,17,18,19,20,21,22,23,24,25,26
0,0,9.14761,24.6951,0.000769,125.215,0.709325,0.507865,0.000769,5.98303,1.58697,7.22058,1.67333,0.232552,37.9859,1.43094,125.215,2.21746,0.810056,18.9337,2.34456,0.33332,1.53706,0.018376,1.79712,0.290498,1.57654,8.93099,0.435241,1.04173,3.20344,0.275965,20.6928
1,123,0.804497,0.869615,0.005554,3.57059,2.16984,0.02161,0.101828,0.058225,1.48709,0.064525,1.17092,0.886994,0.214045,3.57059,1.44458,1.87876,0.391978,1.06978,1.86828,0.693941,0.241092,1.03851,0.534157,0.005554,0.046769,0.258377,1.06978,0.049057,1.31105,0.036433,0.037652
2,223,0.804497,0.869615,0.005554,3.57059,2.16984,0.02161,0.101828,0.058225,1.48709,0.064525,1.17092,0.886994,0.214045,3.57059,1.44458,1.87876,0.391978,1.06978,1.86828,0.693941,0.241092,1.03851,0.534157,0.005554,0.046769,0.258377,1.06978,0.049057,1.31105,0.036433,0.037652
3,323,0.804497,0.869615,0.005554,3.57059,2.16984,0.02161,0.101828,0.058225,1.48709,0.064525,1.17092,0.886994,0.214045,3.57059,1.44458,1.87876,0.391978,1.06978,1.86828,0.693941,0.241092,1.03851,0.534157,0.005554,0.046769,0.258377,1.06978,0.049057,1.31105,0.036433,0.037652
