iteration,total_runs,mean,standard_deviation,min,max,0,1,2,3,4,5,6,7,8,9,10,11,12,13,14,15,16,17,18,19,base
0,21,0,0,0,0,0,0,0,0,0,0,0,0,0,0,0,0,0,0,0,0,0,0,0,0,0
1,138,0.583327,0.616646,0.00308296,2.36079,2.36079,0.521341,0.337043,0.991894,0.130069,0.481301,1.57554,0.407085,1.1747,0.105576,0.139215,0.00308296,1.17052,0.76678,0.0816011,0.88197,0.0150364,0.0169887,0.097703,0.854128,0.137507
2,255,0.959529,0.954417,0.0104567,3.64362,1.76032,0.851585,0.680766,1.34616,0.250673,1.09886,3.64362,0.731855,2.30182,0.362321,0.277556,0.0104567,2.4919,1.49929,0.153309,1.21213,0.0358233,0.04042,0.239356,0.880293,0.281598
3,372,1.43539,1.60361,0.0220303,6.36839,1.48397,1.13263,1.08336,1.67408,0.379343,1.74366,6.36839,1.01323,3.83454,0.714271,0.430505,0.0220303,4.30014,2.24047,0.2425,1.46087,0.0668055,0.0710188,0.459188,0.97053,0.451713
