iteration,total_runs,mean,standard_deviation,min,max,0,1,2,3,4,5,6,7,8,9,10,11,12,13,14,base
0,16,1.49598,2.91506,0.059866,11.7688,0.059866,1.07867,4.35168,0.413092,0.639626,0.587185,0.226196,0.801005,0.077797,1.17022,0.44145,0.36865,11.7688,0.591226,0.860296,0.5
1,128,0.544828,0.682857,0.000505,2.96706,0.000505,0.151733,2.96706,0.361301,0.577681,0.336385,0.140785,0.964625,0.168932,0.450112,0.340178,0.52352,0.42506,0.470057,0.505665,0.33365
2,228,0.544828,0.682857,0.000505,2.96706,0.000505,0.151733,2.96706,0.361301,0.577681,0.336385,0.140785,0.964625,0.168932,0.450112,0.340178,0.52352,0.42506,0.470057,0.505665,0.33365
3,328,0.544828,0.682857,0.000505,2.96706,0.000505,0.151733,2.96706,0.361301,0.577681,0.336385,0.140785,0.964625,0.168932,0.450112,0.340178,0.52352,0.42506,0.470057,0.505665,0.33365
