iteration,total_runs,mean,standard_deviation,min,max,0,1,2,3,4,5,6,7,8,9,10,11,12,13,14,15,16,17,18,19
0,20,1.32234,2.62076,0.059866,11.7688,0.059866,1.07867,4.35168,0.413092,0.639626,0.587185,0.226196,0.801005,0.077797,1.17022,0.44145,0.36865,11.7688,0.591226,0.860296,0.471376,0.75016,0.144625,1.20387,0.44098
1,136,0.524918,0.61731,0.000628,2.99542,0.000628,0.12433,2.99542,0.367285,0.567412,0.325156,0.142649,0.91188,0.171784,0.48161,0.338301,0.517844,0.440996,0.464272,0.513802,0.46429,0.170641,0.35405,0.617236,0.528777
2,252,0.502998,0.620461,0.009945,2.99762,0.009945,0.085072,2.99762,0.362504,0.523297,0.214745,0.090389,0.860834,0.25777,0.488501,0.293428,0.592045,0.422305,0.417605,0.429754,0.475505,0.185994,0.467113,0.31858,0.566945
3,368,0.483448,0.622901,0.038945,2.99245,0.038945,0.096644,2.99245,0.359905,0.47645,0.122005,0.08269,0.726986,0.335378,0.459029,0.266906,0.6505,0.40817,0.382625,0.373568,0.487208,0.209233,0.520409,0.094005,0.585845
