iteration,total_runs,mean,standard_deviation,min,max,0,1,2,3,4,5,6,7,8,9,10,11,12,13,14,15,16,17,18,19,base
0,0,0,0,0,0,0,0,0,0,0,0,0,0,0,0,0,0,0,0,0,0,0,0,0,0,
1,116,1.81934,3.64543,0.0444061,16.4266,0.979025,0.633509,0.135748,1.10895,0.198477,1.85798,0.0864912,0.267311,4.5162,0.0821668,16.4266,0.265535,2.04545,3.76724,0.0444061,0.834441,1.45816,0.697657,0.630569,0.350888,
2,216,1.81934,3.64543,0.0444061,16.4266,0.979025,0.633509,0.135748,1.10895,0.198477,1.85798,0.0864912,0.267311,4.5162,0.0821668,16.4266,0.265535,2.04545,3.76724,0.0444061,0.834441,1.45816,0.697657,0.630569,0.350888,
3,316,1.81934,3.64543,0.0444061,16.4266,0.979025,0.633509,0.135748,1.10895,0.198477,1.85798,0.0864912,0.267311,4.5162,0.0821668,16.4266,0.265535,2.04545,3.76724,0.0444061,0.834441,1.45816,0.697657,0.630569,0.350888,
