iteration,total_runs,mean,standard_deviation,min,max,0,1,2,3,4,5,6,7,8,9,10,11,12,13,14,15,16,17,18,19,20,21,22,23,24,25,26,27,28,base
0,30,0,0,0,0,0,0,0,0,0,0,0,0,0,0,0,0,0,0,0,0,0,0,0,0,0,0,0,0,0,0,0,0,0,0
1,156,0.459693,0.666818,0.0181102,3.23967,0.0559935,0.496681,0.0349611,0.0689326,0.151393,0.159152,0.242686,0.372575,0.0181102,2.06525,0.0705471,0.0265584,3.23967,0.151074,0.923872,0.750383,0.344311,0.340129,0.682961,0.0890736,0.113714,0.74449,0.139512,0.192347,0.270113,0.209892,0.57059,0.430292,0.747368,0.0881422
2,282,0.817716,0.867541,0.0382117,3.42728,0.128777,0.81438,0.0382117,0.136284,0.481286,0.400523,0.799449,1.16559,0.0456005,3.24175,0.123219,0.0521994,3.42728,0.283811,1.79341,0.766885,0.59598,0.97843,1.43539,0.288589,0.280756,2.19433,0.239936,0.46624,0.617122,0.375987,1.09767,0.799424,1.26765,0.195325
3,408,1.28882,1.23437,0.0411105,4.67642,0.211975,1.13743,0.0411105,0.234259,1.09175,0.760556,1.75466,2.61263,0.0764404,4.67642,0.176735,0.0820413,3.58243,0.442252,2.92793,0.794454,0.91874,2.04279,2.38744,0.358041,0.553052,3.97538,0.347803,0.757522,1.09831,0.623519,1.80639,1.19835,1.65668,0.337606
