iteration,total_runs,mean,standard_deviation,min,max,0,1,2,3,4,5,6,7,8,9,10,11,12,13,14,15,16,17,18,19
0,20,10.5414,28.4428,0.000769,125.215,0.709325,0.507865,0.000769,5.98303,1.58697,7.22058,1.67333,0.232552,37.9859,1.43094,125.215,2.21746,0.810056,18.9337,2.34456,0.33332,1.53706,0.018376,1.79712,0.290498
1,136,0.816344,0.672298,0.00325,2.06324,0.47645,0.303136,0.031952,1.39278,1.48743,0.676337,1.84327,0.00325,0.506045,0.07016,1.15995,1.58073,0.585322,1.37941,2.06324,0.393601,1.6045,0.36185,0.34157,0.065908
2,252,0.81303,0.646621,0.008125,1.88799,0.366829,0.286169,0.072801,1.36772,0.931193,0.401444,1.88799,0.008125,0.701905,0.068234,0.922465,1.43433,0.536825,1.07255,1.8833,0.403525,1.75274,0.54785,1.59783,0.016776
3,368,0.870047,0.852906,0.003793,3.35192,0.283042,0.270461,0.10421,1.44524,0.378929,0.32218,1.85245,0.028697,0.802477,0.112514,0.741316,1.35377,0.523957,1.11615,1.76091,0.401069,1.87662,0.671225,3.35192,0.003793
