iteration,ensemble_size,phi_mean,phi_standard_deviation,phi_min,phi_max,0,1,2,3,4,5,6,7,8,9,10,11,12,13,14,15,16,17,18,19,20,21,22,23,24,25,26,27,28,29
0,29,226.69,284.091,9.84446,1224.43,,141.087,56.6704,104.653,81.0809,336.995,42.6876,163.775,42.6607,61.6179,42.3148,65.723,28.2484,42.0567,220.079,24.1952,149.054,290.481,1224.43,170.057,27.454,374.263,647.216,33.3339,892.849,367.208,196.88,9.84446,639.212,97.8857,1,29,51.9159,67.9885,2.50786,328.811,,34.1874,17.4856,33.6325,27.3921,78.5601,2.51045,32.5652,5.8306,57.8779,157.161,54.6374,2.50786,11.5195,16.3679,10.7768,25.848,65.2694,103.22,56.4907,2.55937,12.9278,6.69792,17.1833,30.8306,328.811,52.3099,4.00486,73.195,183.199,