iteration,ensemble_size,phi_mean,phi_standard_deviation,phi_min,phi_max,0,1,2,3,4,5,6,7,8,9,10,11,12,13,14,15,16,17,18,19,20,21,22,23,24,25,26,27,28,29
0,29,226.69,284.091,9.84446,1224.43,,141.087,56.6704,104.653,81.0809,336.995,42.6876,163.775,42.6607,61.6179,42.3148,65.723,28.2484,42.0567,220.079,24.1952,149.054,290.481,1224.43,170.057,27.454,374.263,647.216,33.3339,892.849,367.208,196.88,9.84446,639.212,97.8857,1,29,50.7433,65.5797,1.76805,316.65,,37.001,18.5039,35.6643,28.7785,73.6725,3.10108,35.8367,6.54597,46.6784,154.605,55.0782,1.76805,12.6576,23.1106,11.1293,28.3322,32.7746,115.835,56.4273,2.79871,13.1092,9.2778,17.1415,33.815,316.65,56.3204,4.13687,64.5105,176.294,2,29,26.4828,25.5304,0.337051,95.3632,,18.1966,14.0128,22.0662,24.6031,70.7286,1.94156,26.278,3.26583,26.2712,80.6443,52.3818,0.832423,1.89634,0.893027,6.56613,18.1003,24.1411,56.4122,51.5764,1.23291,5.72933,2.90245,17.1328,20.2764,95.3632,30.5705,0.337051,44.1834,49.4649,