real_name,STAGE,K_01,K_02,K_03,K_04,K_05,K_06,K_07,K_08,K_09,K_10,
1,0.57556,5.7165,1.09969,7.31399,0.328511,1.15143,1.23986,7.16967,1.4899,2.88144,17.6554,
2,1.25624,1.96117,1.55908,1.3209,2.79731,3.69924,2.48399,17.2823,1.60039,17.6634,4.05777,
3,0.756925,0.758648,0.420452,12.2021,2.04181,7.17021,13.1032,1.66098,0.430588,1.76858,4.15527,
4,2.39338,2.15024,0.795469,0.31652,7.28038,1.46029,1.84631,0.857856,0.876051,0.731531,1.24103,
