iteration,ensemble_size,phi_mean,phi_standard_deviation,phi_min,phi_max,0,1,2,3,4,5,6,7,8,9,10,11,12,13,14,15,16,17,18,19,20,21,22,23,24,25,26,27,28,29
0,29,100.213,176.342,0.122482,808.138,,0.387158,49.7101,54.8641,98.9491,43.3804,32.3663,89.533,19.4299,13.6809,18.6461,10.71,1.473,265.524,0.122482,75.4582,67.4751,46.4847,5.42592,89.4591,6.69567,808.138,347.265,47.1351,17.1636,539.144,33.9649,9.35632,66.1084,48.1205,1,29,56.7241,62.968,0.0710606,284.193,,0.0830526,33.3764,38.6148,98.7896,102.654,109.974,141.345,7.72119,13.8824,12.0845,3.76025,1.88732,284.193,0.0710606,129.58,37.3308,11.2197,5.25469,44.6298,13.0816,124.259,70.0747,29.6458,20.1381,134.466,5.8544,20.7764,65.9666,84.2859,2,29,32.9425,36.8157,0.0108059,127.151,,0.0439489,24.9215,39.2251,75.366,34.2758,29.1659,19.21,5.78021,2.19961,10.221,2.17064,0.978403,45.3793,0.0108059,96.6135,26.1337,7.93621,4.97173,3.96651,1.53722,116.9,59.5196,31.0888,19.7372,127.151,4.5251,2.4132,78.4241,85.4656,