iteration,total_runs,mean,standard_deviation,min,max,0,1,2,3,4,5,6,7,8,9,10,11,12,13,14,15,16,17,18,19
0,20,0,0,0,0,0,0,0,0,0,0,0,0,0,0,0,0,0,0,0,0,0,0,0,0
1,136,259.703,268.615,6.55411,1180.91,410.129,49.9729,60.2921,276.703,182.157,6.55411,1180.91,148.773,407.247,166.245,211.71,164.636,40.7259,102.089,152.258,530.93,487.155,136.228,420.907,58.4346
2,252,287.84,280.344,10.0082,1205.42,411.073,50.5882,73.4793,313.539,220.484,10.0082,1205.42,241.942,576.027,168.605,213.209,174.117,54.4156,125.961,164.149,612.425,503.889,148.902,421.07,67.5017
3,368,367.813,319.841,21.7567,1257.67,424.403,52.8596,121.01,378.99,327.427,21.7567,1257.67,499.519,1007.81,193.523,267.127,260.381,113.459,171.708,197.319,750.557,533.304,217.951,427.918,131.556
