iteration,total_runs,mean,standard_deviation,min,max,0,1,2,3,4,5,6,7,8,9,10,11,12,13,14,15,16,17,18,19
0,20,0,0,0,0,0,0,0,0,0,0,0,0,0,0,0,0,0,0,0,0,0,0,0,0
1,136,214.729,221.962,5.41662,975.961,339.051,41.7691,49.9482,228.747,150.663,5.41662,975.961,123.027,336.675,137.43,175.241,136.08,33.8422,84.5165,125.833,438.792,402.613,112.634,348.031,48.3158
2,252,236.964,225.384,8.60137,971.401,335.059,44.6451,54.8092,238.129,158.834,8.60137,971.401,217.921,519.127,147.713,197.858,156.009,40.3376,115.532,146.298,447.193,399.171,132.364,356.56,51.7227
3,368,523.52,366.524,87.0904,1509.35,829.101,87.0904,137.626,639.096,290.6,180.32,1260.84,803.369,1509.35,331.28,410.333,413.373,259.201,336.427,319.765,664.637,649.743,507.323,613.924,227
