name,prior_mean,prior_stdev,prior_lower_bound,prior_upper_bound,post_mean,post_stdev,post_lower_bound,post_upper_bound
FSP1_1,0.03,0.36875,-0.7075,0.7675,0.206785,0.0324564,0.141872,0.271698
NPP1_1,0.8,0.125,0.55,1.05,1,0.124161,0.751678,1.24832
SMDC_1,0.095,2.4975,-4.9,5.09,0.0107593,0.000582987,0.00959336,0.0119253
MSC_1,0.01,0.0025,0.005,0.015,0.0107685,0.00173879,0.00729093,0.0142461
SLA1_1,5.7,0.125,5.45,5.95,5.5,0.124878,5.25024,5.74976
