name,prior_mean,prior_stdev,prior_lower_bound,prior_upper_bound,post_mean,post_stdev,post_lower_bound,post_upper_bound
FSP1_1,0.03,0.36875,-0.7075,0.7675,0.213303,0.161451,-0.109599,0.536205
NPP1_1,0.8,0.125,0.55,1.05,1,0.124599,0.750802,1.2492
SMDC_1,0.095,2.4975,-4.9,5.09,0.0109834,0.00068362,0.00961615,0.0123506
MSC_1,0.01,0.0025,0.005,0.015,0.0105569,0.00131421,0.00792849,0.0131853
SLA1_1,5.7,0.125,5.45,5.95,5.53545,0.124882,5.28569,5.78521
