name,prior_mean,prior_stdev,prior_lower_bound,prior_upper_bound,post_mean,post_stdev,post_lower_bound,post_upper_bound
FSP1_1,0.03,0.36875,-0.7075,0.7675,0.183613,0.135348,-0.087083,0.454308
NPP1_1,0.8,0.125,0.55,1.05,1,0.124522,0.750955,1.24904
SMDC_1,0.095,2.4975,-4.9,5.09,0.0107483,0.000686306,0.00937568,0.0121209
MSC_1,0.01,0.0025,0.005,0.015,0.010636,0.00128632,0.00806333,0.0132086
SLA1_1,5.7,0.125,5.45,5.95,5.50228,0.124879,5.25252,5.75204
