prediction,PEST++,,PEST,
,prior,posterior,prior,posterior
pd_half,0.375149,0.223956,0.375149,0.223956
pd_ten,0.333413,0.200354,0.333413,0.200354
pd_one,0.262797,0.155971,0.262797,0.155971
