parameter,PEST++,PEST
kr01c01,0.250000,0.250000
kr01c36,0.249541,0.249541
kr01c39,0.249079,0.249079
kr01c45,0.248613,0.248613
